Occupation,Number_of_workers_2024,Median_weekly_earnings_2024,Number_of_workers_2023,Median_weekly_earnings_2023,Number_of_workers_2022,Median_weekly_earnings_2022,Number_of_workers_2021,Median_weekly_earnings_2021,Number_of_workers_2020,Median_weekly_earnings_2020
"Total, full-time wage and salary workers","120,053","1,159","120,907","1,117","118,869","1,059","114,316",998,"110,387",984
"Management, professional, and related occupations","56,051","1,582","56,077","1,527","53,962","1,465","51,166","1,390","50,023","1,356"
"Management, business, and financial operations occupations","24,084","1,731","23,989","1,630","22,707","1,569","21,529","1,482","20,811","1,461"
Management occupations,"15,539","1,773","15,762","1,730","14,909","1,658","13,942","1,546","13,517","1,541"
Chief executives,"1,213","2,924","1,261","2,901","1,249","2,701","1,151","2,473","1,157","2,402"
General and operations managers,"1,266","1,650","1,222","1,544","1,051","1,558",999,"1,449",983,"1,453"
Legislators,15,–,6,–,9,–,13,–,11,–
Advertising and promotions managers,39,–,47,–,60,"1,942",55,"1,338",46,–
Marketing managers,446,"1,886",508,"1,812",586,"1,729",490,"1,545",483,"1,537"
Sales managers,538,"2,217",566,"2,004",541,"1,838",500,"1,749",495,"1,794"
Public relations and fundraising managers,136,"1,831",114,"1,889",119,"1,746",100,"1,670",74,"1,344"
Administrative services managers,74,"1,494",75,"1,405",69,"1,339",50,"1,227",62,"1,284"
Facilities managers,131,"1,375",145,"1,436",136,"1,460",132,"1,456",122,"1,318"
Computer and information systems managers,712,"2,333",781,"2,303",732,"2,087",675,"2,085",703,"2,018"
Financial managers,"1,360","1,890","1,355","1,757","1,271","1,713","1,220","1,569","1,228","1,492"
Compensation and benefits managers,9,–,16,–,13,–,18,–,14,–
Human resources managers,299,"1,869",324,"1,756",294,"1,725",260,"1,587",264,"1,644"
Training and development managers,65,"1,536",58,"1,976",65,"1,770",49,–,47,–
Industrial production managers,288,"1,873",260,"1,875",275,"1,754",236,"1,636",248,"1,550"
Purchasing managers,218,"1,850",234,"1,741",223,"1,729",214,"1,562",221,"1,544"
"Transportation, storage, and distribution managers",343,"1,288",360,"1,262",321,"1,231",304,"1,113",266,972
"Farmers, ranchers, and other agricultural managers",132,989,116,"1,171",113,975,126,"1,032",109,874
Construction managers,785,"1,765",693,"1,680",656,"1,610",633,"1,534",606,"1,575"
Education and childcare administrators,892,"1,653",941,"1,565",884,"1,568",856,"1,551",846,"1,462"
Architectural and engineering managers,199,"2,899",174,"2,904",196,"2,880",176,"2,709",155,"2,413"
Food service managers,763,"1,046",720,988,721,926,758,881,707,877
Funeral home managers,7,–,5,–,7,–,5,–,6,–
Entertainment and recreation managers,49,–,53,"1,035",37,–,31,–,34,–
Lodging managers,88,"1,210",116,"1,257",73,"1,031",83,973,74,888
Medical and health services managers,716,"1,710",767,"1,634",661,"1,648",676,"1,463",629,"1,555"
Natural sciences managers,58,"1,538",36,–,28,–,17,–,11,–
Postmasters and mail superintendents,20,–,16,–,21,–,12,–,19,–
"Property, real estate, and community association managers",445,"1,180",489,"1,263",469,"1,179",466,"1,162",433,"1,140"
Social and community service managers,434,"1,415",410,"1,382",366,"1,391",348,"1,204",330,"1,234"
Emergency management directors,17,–,13,–,25,–,12,–,10,–
"Personal service managers, all other",9,–,10,–,1,–,0,–,2,–
"Managers, all other","3,770","1,863","3,872","1,738","3,635","1,734","3,276","1,573","3,120","1,564"
Business and financial operations occupations,"8,545","1,610","8,227","1,517","7,799","1,464","7,587","1,382","7,294","1,363"
"Agents and business managers of artists, performers, and athletes",28,–,29,–,23,–,30,–,27,–
"Buyers and purchasing agents, farm products",10,–,8,–,8,–,9,–,9,–
"Wholesale and retail buyers, except farm products",124,"1,184",141,"1,125",114,"1,021",126,"1,061",130,"1,053"
"Purchasing agents, except wholesale, retail, and farm products",270,"1,428",287,"1,370",252,"1,194",212,"1,165",219,"1,231"
"Claims adjusters, appraisers, examiners, and investigators",381,"1,348",367,"1,370",325,"1,198",327,"1,147",325,"1,108"
Compliance officers,284,"1,517",314,"1,458",284,"1,427",274,"1,369",286,"1,372"
Cost estimators,144,"1,646",134,"1,355",123,"1,451",119,"1,395",111,"1,434"
Human resources workers,922,"1,453",893,"1,273",863,"1,356",795,"1,251",739,"1,251"
"Compensation, benefits, and job analysis specialists",46,–,68,"1,252",65,"1,134",66,"1,232",67,"1,143"
Training and development specialists,135,"1,417",144,"1,342",147,"1,301",130,"1,342",103,"1,255"
Logisticians,184,"1,205",182,"1,130",155,"1,360",116,"1,322",134,"1,173"
Project management specialists,893,"1,854",886,"1,811",815,"1,769",735,"1,649",644,"1,560"
Management analysts,756,"1,937",714,"1,890",689,"1,733",707,"1,608",658,"1,629"
"Meeting, convention, and event planners",103,"1,170",98,"1,234",118,"1,227",84,"1,080",92,"1,049"
Fundraisers,59,"1,729",91,"1,481",72,"1,482",80,"1,667",91,"1,479"
Market research analysts and marketing specialists,493,"1,659",416,"1,590",354,"1,546",335,"1,446",358,"1,326"
"Business operations specialists, all other",598,"1,408",474,"1,465",374,"1,271",497,"1,241",271,"1,273"
Accountants and auditors,"1,531","1,642","1,394","1,553","1,389","1,523","1,374","1,345","1,488","1,298"
Property appraisers and assessors,49,–,53,"1,568",68,"1,146",39,–,51,"1,225"
Budget analysts,42,–,37,–,55,"1,738",59,"1,558",66,"1,461"
Credit analysts,42,–,47,–,49,–,46,–,20,–
Financial and investment analysts,385,"1,889",358,"1,668",344,"1,747",313,"1,719",310,"1,590"
Personal financial advisors,400,"1,922",412,"1,884",432,"1,604",389,"1,773",400,"1,638"
Insurance underwriters,117,"1,331",96,"1,367",103,"1,226",122,"1,367",101,"1,261"
Financial examiners,28,–,19,–,19,–,13,–,21,–
Credit counselors and loan officers,295,"1,388",304,"1,360",369,"1,344",427,"1,332",391,"1,199"
"Tax examiners and collectors, and revenue agents",43,–,78,"1,396",65,"1,463",60,"1,015",59,"1,086"
Tax preparers,62,"1,364",63,"1,154",53,"1,146",50,961,44,–
Other financial specialists,122,"1,555",120,"1,481",72,"1,455",54,"1,441",80,"1,328"
Professional and related occupations,"31,967","1,504","32,088","1,458","31,255","1,392","29,637","1,335","29,213","1,270"
Computer and mathematical occupations,"5,970","1,921","6,129","1,890","5,733","1,789","5,267","1,660","5,083","1,633"
Computer and information research scientists,32,–,38,–,33,–,41,–,39,–
Computer systems analysts,489,"1,664",485,"1,701",457,"1,674",423,"1,489",529,"1,515"
Information security analysts,232,"2,424",209,"2,133",156,"2,076",145,"1,874",125,"2,078"
Computer programmers,325,"1,836",375,"1,889",422,"1,772",387,"1,734",388,"1,653"
Software developers,"2,017","2,475","2,104","2,283","1,976","2,282","1,875","1,922","1,742","1,920"
Software quality assurance analysts and testers,75,"1,725",73,"1,751",79,"1,731",70,"1,550",94,"1,697"
Web developers,41,–,57,"2,197",70,"1,445",59,"1,327",78,"1,554"
Web and digital interface designers,55,"1,883",59,"1,423",52,"1,513",40,–,52,"1,158"
Computer support specialists,585,"1,465",616,"1,424",635,"1,312",620,"1,256",584,"1,147"
Database administrators and architects,136,"2,492",108,"2,113",144,"1,829",103,"1,879",107,"1,725"
Network and computer systems administrators,163,"1,485",200,"1,670",210,"1,589",205,"1,505",235,"1,438"
Computer network architects,140,"2,104",97,"1,913",90,"1,909",104,"1,990",93,"1,902"
"Computer occupations, all other","1,077","1,594","1,104","1,597",864,"1,431",787,"1,413",716,"1,394"
Actuaries,35,–,45,–,34,–,30,–,24,–
Mathematicians,5,–,4,–,2,–,2,–,2,–
Operations research analysts,164,"1,609",142,"1,917",136,"1,630",126,"1,574",154,"1,615"
Statisticians,70,"2,096",44,–,52,"1,595",37,–,53,"1,572"
Other mathematical science occupations,330,"1,842",369,"1,595",321,"1,549",213,"1,458",68,"1,416"
Architecture and engineering occupations,"3,303","1,873","3,374","1,785","3,224","1,735","2,985","1,641","2,933","1,575"
"Architects, except landscape and naval",162,"1,954",162,"1,831",139,"1,664",151,"1,642",136,"1,537"
Landscape architects,10,–,19,–,15,–,19,–,15,–
"Surveyors, cartographers, and photogrammetrists",37,–,37,–,26,–,34,–,38,–
Aerospace engineers,187,"2,303",177,"2,071",149,"1,914",125,"1,863",121,"1,939"
Agricultural engineers,2,–,4,–,4,–,8,–,6,–
Bioengineers and biomedical engineers,19,–,27,–,20,–,15,–,22,–
Chemical engineers,72,"2,005",86,"2,285",65,"1,834",76,"1,875",70,"1,862"
Civil engineers,471,"1,850",479,"1,752",442,"1,727",403,"1,633",370,"1,611"
Computer hardware engineers,79,"2,287",69,"2,277",89,"2,277",86,"2,006",84,"1,889"
Electrical and electronics engineers,266,"2,179",244,"2,056",299,"1,864",286,"1,899",243,"1,864"
Environmental engineers,33,–,29,–,43,–,32,–,26,–
"Industrial engineers, including health and safety",258,"1,878",278,"1,740",200,"1,773",221,"1,648",225,"1,584"
Marine engineers and naval architects,22,–,11,–,10,–,15,–,18,–
Materials engineers,39,–,52,"2,220",40,–,49,–,52,"1,586"
Mechanical engineers,370,"2,009",423,"1,890",418,"1,816",329,"1,660",348,"1,713"
"Mining and geological engineers, including mining safety engineers",5,–,9,–,4,–,9,–,15,–
Nuclear engineers,8,–,4,–,9,–,11,–,9,–
Petroleum engineers,22,–,10,–,21,–,11,–,18,–
"Engineers, all other",668,"1,944",620,"1,938",613,"1,909",602,"1,771",543,"1,746"
Architectural and civil drafters,38,–,23,–,50,"1,176",29,–,34,–
Other drafters,71,"1,353",73,"1,326",73,"1,120",90,"1,280",77,"1,126"
Electrical and electronic engineering technologists and technicians,86,"1,437",93,"1,429",80,"1,131",62,"1,243",81,"1,172"
"Other engineering technologists and technicians, except drafters",339,"1,278",359,"1,217",343,"1,312",275,"1,245",340,"1,119"
Surveying and mapping technicians,39,–,83,"1,001",73,948,50,796,43,–
"Life, physical, and social science occupations","1,539","1,611","1,583","1,541","1,508","1,463","1,391","1,407","1,401","1,336"
Agricultural and food scientists,26,–,22,–,10,–,30,–,26,–
Biological scientists,92,"1,493",104,"1,404",104,"1,442",89,"1,317",72,"1,141"
Conservation scientists and foresters,20,–,29,–,28,–,19,–,11,–
Medical scientists,125,"1,901",138,"1,826",135,"1,544",116,"1,662",114,"1,612"
"Life scientists, all other",4,–,8,–,18,–,8,–,7,–
Astronomers and physicists,18,–,24,–,21,–,19,–,19,–
Atmospheric and space scientists,5,–,13,–,10,–,9,–,9,–
Chemists and materials scientists,83,"2,093",96,"1,913",73,"1,500",90,"1,647",83,"1,362"
"Environmental scientists and specialists, including health",43,–,49,–,28,–,39,–,39,–
"Geoscientists and hydrologists, except geographers",25,–,31,–,40,–,42,–,43,–
"Physical scientists, all other",432,"1,804",399,"1,731",379,"1,764",332,"1,738",324,"1,438"
Economists,30,–,22,–,26,–,20,–,26,–
Survey researchers,1,–,3,–,1,–,1,–,5,–
Clinical and counseling psychologists,8,–,5,–,9,–,4,–,8,–
School psychologists,44,–,46,–,37,–,51,"1,343",34,–
Other psychologists,60,"1,998",65,"1,726",60,"1,511",56,"1,493",63,"1,435"
Sociologists,3,–,6,–,4,–,4,–,3,–
Urban and regional planners,39,–,34,–,26,–,21,–,47,–
Miscellaneous social scientists and related workers,28,–,42,–,50,"1,238",47,–,39,–
Agricultural and food science technicians,35,–,34,–,40,–,37,–,38,–
Biological technicians,22,–,26,–,19,–,14,–,22,–
Chemical technicians,59,"1,233",58,"1,377",49,–,39,–,64,"1,039"
Environmental science and geoscience technicians,20,–,13,–,10,–,12,–,18,–
Nuclear technicians,8,–,8,–,4,–,4,–,6,–
Social science research assistants,6,–,4,–,3,–,5,–,3,–
"Other life, physical, and social science technicians",240,"1,180",240,"1,306",245,"1,240",213,"1,093",202,"1,074"
Occupational health and safety specialists and technicians,64,"1,421",63,"1,437",79,"1,500",70,"1,325",77,"1,444"
Community and social service occupations,"2,390","1,163","2,334","1,147","2,378","1,128","2,276","1,065","2,187","1,003"
Substance abuse and behavioral disorder counselors,99,"1,122",103,"1,138",112,945,110,969,99,950
"Educational, guidance, and career counselors and advisors",332,"1,191",338,"1,167",362,"1,157",296,"1,091",294,"1,080"
Marriage and family therapists,13,–,14,–,12,–,26,–,22,–
Mental health counselors,114,"1,257",123,"1,316",103,"1,150",139,"1,140",86,"1,066"
Rehabilitation counselors,8,–,13,–,19,–,9,–,24,–
"Counselors, all other",178,"1,151",182,"1,070",168,"1,038",181,953,132,956
"Child, family, and school social workers",68,"1,019",64,"1,064",58,"1,099",58,"1,012",58,894
Healthcare social workers,70,"1,173",68,"1,028",78,"1,142",71,924,70,"1,152"
Mental health and substance abuse social workers,9,–,11,–,17,–,7,–,19,–
"Social workers, all other",702,"1,227",654,"1,233",660,"1,130",601,"1,073",593,985
Probation officers and correctional treatment specialists,65,"1,218",79,"1,196",78,"1,325",87,"1,247",111,"1,058"
Social and human service assistants,206,"1,034",200,963,192,979,160,914,168,841
Other community and social service specialists,90,"1,134",82,"1,045",85,"1,032",88,"1,111",83,"1,034"
Clergy,332,"1,155",308,"1,084",347,"1,170",339,"1,135",353,"1,055"
"Directors, religious activities and education",58,"1,161",58,"1,244",49,–,45,–,36,–
"Religious workers, all other",47,–,37,–,37,–,60,937,38,–
Legal occupations,"1,434","1,904","1,490","1,880","1,430","1,763","1,401","1,586","1,410","1,540"
Lawyers,851,"2,505",887,"2,438",806,"2,420",793,"2,252",821,"2,097"
Judicial law clerks,18,–,13,–,21,–,18,–,15,–
"Judges, magistrates, and other judicial workers",51,"2,307",66,"2,196",61,"1,997",68,"1,652",60,"1,856"
Paralegals and legal assistants,380,"1,189",371,"1,159",388,"1,137",361,"1,080",343,942
"Title examiners, abstractors, and searchers",75,"1,314",83,"1,143",93,"1,208",89,"1,120",101,"1,136"
"Legal support workers, all other",60,"1,428",70,"1,320",62,"1,223",72,"1,238",71,"1,042"
"Education, training, and library occupations","7,540","1,217","7,524","1,180","7,330","1,148","7,124","1,138","7,012","1,096"
Postsecondary teachers,874,"1,821",828,"1,723",863,"1,634",920,"1,550",891,"1,516"
Preschool and kindergarten teachers,468,831,523,791,518,750,471,780,412,721
Elementary and middle school teachers,"3,268","1,253","3,117","1,243","3,073","1,170","3,000","1,163","3,064","1,118"
Secondary school teachers,824,"1,365",859,"1,271",873,"1,249",860,"1,216",914,"1,199"
Special education teachers,273,"1,170",308,"1,164",342,"1,219",338,"1,126",301,"1,044"
Tutors,30,–,28,–,25,–,12,–,42,–
Other teachers and instructors,553,"1,157",584,"1,165",447,"1,143",389,"1,118",376,"1,061"
"Archivists, curators, and museum technicians",55,"1,293",57,"1,289",51,"1,253",42,–,46,–
Librarians and media collections specialists,145,"1,109",117,"1,118",125,"1,092",144,"1,131",120,"1,073"
Library technicians,17,–,15,–,23,–,20,–,17,–
Teaching assistants,893,725,940,698,869,662,803,641,714,617
Other educational instruction and library workers,141,"1,261",148,"1,310",121,"1,250",127,"1,271",116,"1,145"
"Arts, design, entertainment, sports, and media occupations","1,827","1,413","1,858","1,343","1,889","1,273","1,707","1,229","1,681","1,179"
Artists and related workers,91,"1,483",94,"1,543",116,"1,427",87,"1,355",87,"1,116"
Commercial and industrial designers,11,–,13,–,9,–,10,–,6,–
Fashion designers,26,–,25,–,16,–,22,–,24,–
Floral designers,18,–,25,–,22,–,35,–,38,–
Graphic designers,192,"1,305",248,"1,253",224,"1,153",180,"1,163",209,"1,230"
Interior designers,64,"1,224",50,"1,256",64,"1,332",45,–,74,"1,107"
Merchandise displayers and window trimmers,37,–,18,–,22,–,17,–,22,–
Other designers,303,"1,568",272,"1,482",282,"1,431",284,"1,402",271,"1,210"
Actors,20,–,17,–,17,–,11,–,10,–
Producers and directors,129,"1,760",130,"1,467",137,"1,473",139,"1,369",123,"1,499"
Athletes and sports competitors,12,–,28,–,38,–,21,–,21,–
Coaches and scouts,122,"1,039",113,"1,168",132,"1,156",110,913,90,931
"Umpires, referees, and other sports officials",4,–,2,–,4,–,2,–,9,–
Dancers and choreographers,5,–,5,–,6,–,3,–,4,–
Music directors and composers,16,–,18,–,9,–,15,–,16,–
Musicians and singers,20,–,36,–,31,–,13,–,12,–
"Disc jockeys, except radio",10,–,12,–,4,–,3,–,1,–
"Entertainers and performers, sports and related workers, all other",13,–,6,–,19,–,9,–,7,–
Broadcast announcers and radio disc jockeys,19,–,20,–,18,–,12,–,18,–
"News analysts, reporters, and journalists",58,"1,420",46,–,57,"1,163",55,"1,036",62,"1,044"
Public relations specialists,96,"1,878",126,"1,544",105,"1,492",113,"1,641",128,"1,553"
Editors,87,"1,347",82,"1,440",68,"1,541",63,"1,350",57,"1,237"
Technical writers,59,"1,643",46,–,50,"1,528",62,"1,540",53,"1,347"
Writers and authors,113,"1,618",101,"1,322",152,"1,426",131,"1,239",98,"1,257"
Interpreters and translators,49,–,55,964,52,856,52,993,44,–
Court reporters and simultaneous captioners,22,–,12,–,26,–,12,–,21,–
"Media and communication workers, all other",22,–,22,–,25,–,23,–,14,–
"Broadcast, sound, and lighting technicians",78,"1,507",80,"1,387",61,"1,478",54,"1,370",53,"1,001"
Photographers,65,"1,255",62,"1,135",50,"1,039",59,858,66,990
"Television, video, and film camera operators and editors",65,"1,728",93,"1,259",73,"1,384",63,"1,051",40,–
"Media and communication equipment workers, all other",1,–,2,–,1,–,3,–,3,–
Healthcare practitioners and technical occupations,"7,965","1,472","7,795","1,404","7,761","1,354","7,485","1,273","7,504","1,227"
Chiropractors,18,–,13,–,17,–,21,–,9,–
Dentists,70,"2,281",64,"2,837",57,"2,703",76,"2,492",58,"2,079"
Dietitians and nutritionists,86,"1,350",84,"1,137",105,"1,289",88,"1,184",83,"1,009"
Optometrists,7,–,16,–,19,–,21,–,21,–
Pharmacists,258,"2,477",316,"2,208",300,"2,210",245,"2,019",241,"2,222"
Emergency medicine physicians,18,–,21,–,16,–,21,–,10,–
Radiologists,19,–,18,–,20,–,21,–,20,–
Other physicians,724,"3,429",715,"2,914",758,"2,481",714,"2,418",752,"2,102"
Surgeons,35,–,52,"3,300",42,–,45,–,48,–
Physician assistants,159,"2,333",137,"2,006",132,"1,910",126,"1,884",113,"1,911"
Podiatrists,4,–,3,–,5,–,3,–,5,–
Audiologists,23,–,14,–,13,–,17,–,13,–
Occupational therapists,110,"1,633",116,"1,447",118,"1,324",107,"1,467",96,"1,373"
Physical therapists,217,"1,584",234,"1,607",212,"1,510",203,"1,527",209,"1,468"
Radiation therapists,9,–,15,–,19,–,14,–,11,–
Recreational therapists,6,–,7,–,15,–,11,–,11,–
Respiratory therapists,66,"1,420",78,"1,371",94,"1,344",104,"1,262",100,"1,162"
Speech-language pathologists,156,"1,525",140,"1,433",137,"1,317",132,"1,233",152,"1,297"
Exercise physiologists,3,–,6,–,7,–,1,–,5,–
"Therapists, all other",227,"1,265",178,"1,257",151,"1,305",137,"1,147",159,"1,043"
Veterinarians,67,"2,503",53,"2,020",40,–,67,"1,797",55,"1,795"
Registered nurses,"2,895","1,507","2,817","1,442","2,753","1,395","2,615","1,305","2,701","1,262"
Nurse anesthetists,19,–,14,–,31,–,25,–,30,–
Nurse midwives,11,–,3,–,5,–,6,–,7,–
Nurse practitioners,225,"2,183",212,"2,079",224,"2,107",188,"1,955",171,"1,872"
Acupuncturists,1,–,3,–,1,–,3,–,7,–
"Healthcare diagnosing or treating practitioners, all other",6,–,4,–,4,–,0,–,1,–
Clinical laboratory technologists and technicians,287,"1,228",251,"1,117",289,"1,058",322,992,289,"1,028"
Dental hygienists,107,"1,438",106,"1,326",110,"1,257",97,"1,269",96,"1,125"
Cardiovascular technologists and technicians,55,"1,411",33,–,46,–,46,–,37,–
Diagnostic medical sonographers,75,"1,558",87,"1,343",76,"1,351",61,"1,462",73,"1,227"
Radiologic technologists and technicians,197,"1,318",204,"1,412",171,"1,194",201,"1,167",222,"1,103"
Magnetic resonance imaging technologists,32,–,41,–,47,–,27,–,45,–
Nuclear medicine technologists and medical dosimetrists,42,–,35,–,25,–,31,–,39,–
Emergency medical technicians,140,982,119,"1,101",126,972,110,883,134,844
Paramedics,81,"1,548",102,"1,318",107,"1,535",97,"1,288",65,"1,163"
Pharmacy technicians,253,888,244,903,266,771,268,800,257,723
Psychiatric technicians,95,768,99,885,60,831,54,749,53,658
Surgical technologists,91,"1,224",95,"1,244",85,"1,197",109,"1,036",74,875
Veterinary technologists and technicians,110,824,99,829,120,800,106,779,73,655
Dietetic technicians and ophthalmic medical technicians,58,806,46,–,55,711,37,–,44,–
Licensed practical and licensed vocational nurses,424,"1,021",479,988,494,897,444,921,500,875
Medical records specialists,203,"1,053",184,918,161,988,181,894,166,888
"Opticians, dispensing",36,–,37,–,29,–,42,–,32,–
Miscellaneous health technologists and technicians,124,"1,162",119,"1,035",124,972,150,891,143,888
Other healthcare practitioners and technical occupations,118,"1,346",80,"1,372",77,"1,359",91,"1,362",73,"1,254"
,,,,,,,,,,
Service occupations,"15,707",758,"15,818",721,"15,468",697,"14,630",644,"13,771",621
Healthcare support occupations,"3,622",753,"3,467",713,"3,348",685,"3,269",637,"3,210",606
Home health aides,396,709,330,644,357,618,314,587,310,549
Personal care aides,"1,004",713,903,679,855,638,848,611,788,543
Nursing assistants,971,755,899,700,911,678,916,626,966,595
Orderlies and psychiatric aides,41,–,48,–,40,–,43,–,57,663
Occupational therapy assistants and aides,16,–,22,–,19,–,29,–,26,–
Physical therapist assistants and aides,64,951,75,909,50,847,37,–,58,964
Massage therapists,47,–,34,–,45,–,42,–,38,–
Dental assistants,206,819,235,754,250,724,219,665,204,661
Medical assistants,539,792,490,752,438,713,482,676,450,675
Medical transcriptionists,23,–,25,–,19,–,26,–,29,–
Pharmacy aides,31,–,20,–,29,–,28,–,32,–
Veterinary assistants and laboratory animal caretakers,35,–,67,720,52,696,47,–,42,–
Phlebotomists,81,738,133,730,93,751,109,681,86,614
Other healthcare support workers,169,893,187,833,190,829,128,768,124,682
Protective service occupations,"2,621","1,109","2,706","1,113","2,749","1,024","2,608",998,"2,690",982
First-line supervisors of correctional officers,40,–,59,"1,432",47,–,36,–,51,976
First-line supervisors of police and detectives,102,"1,859",93,"1,800",96,"1,476",89,"1,360",92,"1,551"
First-line supervisors of firefighting and prevention workers,46,–,47,–,62,"1,769",46,–,34,–
First-line supervisors of security workers,67,"1,200",70,"1,033",70,"1,120",66,"1,147",67,946
"First-line supervisors of protective service workers, all other",0,–,3,–,2,–,7,–,8,–
Firefighters,275,"1,438",297,"1,351",289,"1,356",278,"1,291",320,"1,233"
Fire inspectors,17,–,19,–,36,–,24,–,21,–
Bailiffs,14,–,12,–,19,–,20,–,11,–
Correctional officers and jailers,295,990,294,"1,073",279,907,275,920,337,907
Detectives and criminal investigators,152,"1,800",132,"1,732",132,"1,704",120,"1,294",146,"1,437"
Fish and game wardens,7,–,5,–,9,–,6,–,5,–
Parking enforcement workers,3,–,7,–,6,–,12,–,7,–
Police officers,624,"1,458",709,"1,320",758,"1,229",751,"1,232",742,"1,155"
Animal control workers,1,–,12,–,8,–,7,–,9,–
Private detectives and investigators,116,"1,307",95,"1,326",85,"1,088",70,"1,018",72,979
Security guards and gambling surveillance officers,735,768,730,788,732,724,675,689,673,650
Crossing guards and flaggers,26,–,24,–,15,–,22,–,17,–
Transportation security screeners,41,–,45,–,35,–,42,–,40,–
School bus monitors,4,–,9,–,23,–,14,–,0,–
Other protective service workers,56,813,44,–,45,–,48,–,37,–
Food preparation and serving related occupations,"4,200",689,"4,325",660,"4,125",622,"3,863",573,"3,353",530
Chefs and head cooks,437,863,391,816,392,771,319,750,321,696
First-line supervisors of food preparation and serving workers,331,817,432,728,362,731,349,621,335,602
Cooks,"1,230",671,"1,259",655,"1,247",611,"1,187",549,"1,026",510
Food preparation workers,472,648,484,619,476,595,439,547,355,510
Bartenders,250,764,208,764,250,707,217,668,169,648
Fast food and counter workers,263,623,288,610,237,557,268,507,231,468
Waiters and waitresses,752,664,828,642,786,606,674,576,600,514
"Food servers, nonrestaurant",139,693,91,623,86,649,102,544,85,531
Dining room and cafeteria attendants and bartender helpers,119,691,132,593,94,594,102,509,99,508
Dishwashers,133,636,133,598,120,583,128,512,83,528
"Hosts and hostesses, restaurant, lounge, and coffee shop",68,609,73,594,70,611,77,498,46,–
"Food preparation and serving related workers, all other",6,–,7,–,5,–,1,–,4,–
Building and grounds cleaning and maintenance occupations,"3,634",729,"3,520",692,"3,518",671,"3,347",623,"3,138",603
First-line supervisors of housekeeping and janitorial workers,174,"1,007",177,896,152,833,176,829,171,738
"First-line supervisors of landscaping, lawn service, and groundskeeping workers",107,"1,071",93,928,94,895,76,900,108,786
Janitors and building cleaners,"1,569",727,"1,505",696,"1,503",683,"1,437",630,"1,372",614
Maids and housekeeping cleaners,799,678,834,619,823,592,744,546,629,503
Pest control workers,102,897,90,848,90,798,108,868,90,749
Landscaping and groundskeeping workers,788,714,713,703,769,681,738,622,665,605
Tree trimmers and pruners,77,899,92,775,73,916,59,846,82,666
Other grounds maintenance workers,17,–,18,–,13,–,9,–,21,–
Personal care and service occupations,"1,631",757,"1,799",725,"1,728",686,"1,543",618,"1,380",616
Supervisors of personal care and service workers,82,982,97,855,89,743,92,784,96,761
Animal trainers,30,–,31,–,23,–,27,–,34,–
Animal caretakers,145,718,161,704,144,623,133,595,108,626
Gambling services workers,58,"1,009",66,893,53,890,54,852,53,765
"Ushers, lobby attendants, and ticket takers",14,–,7,–,9,–,9,–,3,–
Other entertainment attendants and related workers,76,707,87,707,92,686,68,615,47,–
"Embalmers, crematory operators, and funeral attendants",8,–,13,–,19,–,3,–,8,–
"Morticians, undertakers, and funeral arrangers",28,–,28,–,20,–,18,–,10,–
Barbers,39,–,69,655,48,–,36,–,49,–
"Hairdressers, hairstylists, and cosmetologists",221,771,239,740,274,679,252,604,205,606
Manicurists and pedicurists,171,750,197,772,178,677,153,655,110,607
Skincare specialists,40,–,46,–,33,–,27,–,23,–
Other personal appearance workers,9,–,11,–,13,–,2,–,5,–
"Baggage porters, bellhops, and concierges",61,816,67,676,66,702,62,612,44,–
Tour and travel guides,25,–,14,–,16,–,10,–,16,–
Childcare workers,380,693,379,635,413,606,402,569,383,537
Exercise trainers and group fitness instructors,65,805,71,956,57,815,54,729,53,618
Recreation workers,108,730,129,776,111,726,88,652,80,715
Residential advisors,17,–,17,–,16,–,22,–,17,–
"Personal care and service workers, all other",57,755,68,761,54,788,31,–,37,–
,,,,,,,,,,
Sales and office occupations,"21,066",964,"21,667",923,"21,978",880,"21,748",826,"21,165",809
Sales and related occupations,"8,895","1,046","9,148","1,001","9,170",941,"9,281",887,"8,958",880
First-line supervisors of retail sales workers,"2,069","1,022","2,234",995,"2,174",948,"2,165",875,"2,141",858
First-line supervisors of non-retail sales workers,841,"1,418",906,"1,345",869,"1,299",833,"1,191",783,"1,226"
Cashiers,"1,066",633,"1,147",606,"1,243",587,"1,235",515,"1,088",507
Counter and rental clerks,47,–,64,801,60,751,56,781,48,–
Parts salespersons,98,863,89,769,102,855,103,778,97,741
Retail salespersons,"1,585",884,"1,585",829,"1,535",802,"1,665",745,"1,603",705
Advertising sales agents,113,"1,650",101,"1,442",105,"1,323",93,"1,174",120,"1,066"
Insurance sales agents,435,"1,132",443,"1,081",438,"1,049",462,"1,008",469,931
"Securities, commodities, and financial services sales agents",201,"2,082",184,"2,320",154,"1,710",206,"1,630",200,"1,545"
Travel agents,58,"1,093",48,–,45,–,33,–,30,–
"Sales representatives of services, except advertising, insurance, financial services, and travel",617,"1,449",577,"1,365",539,"1,489",523,"1,169",497,"1,351"
"Sales representatives, wholesale and manufacturing",991,"1,569",999,"1,427","1,005","1,282","1,014","1,263","1,073","1,275"
"Models, demonstrators, and product promoters",19,–,10,–,15,–,4,–,6,–
Real estate brokers and sales agents,398,"1,392",440,"1,363",512,"1,219",524,"1,141",498,"1,084"
Sales engineers,38,–,51,"1,918",46,–,29,–,37,–
Telemarketers,20,–,28,–,29,–,22,–,28,–
"Door-to-door sales workers, news and street vendors, and related workers",24,–,29,–,24,–,17,–,34,–
"Sales and related workers, all other",275,"1,060",213,914,275,940,298,943,206,950
Office and administrative support occupations,"12,171",925,"12,519",891,"12,808",847,"12,467",806,"12,207",781
First-line supervisors of office and administrative support workers,"1,072","1,161","1,038","1,114","1,090","1,037","1,098",964,"1,129",966
"Switchboard operators, including answering service",7,–,19,–,12,–,8,–,8,–
Telephone operators,6,–,11,–,28,–,17,–,19,–
"Communications equipment operators, all other",7,–,1,–,2,–,3,–,8,–
Bill and account collectors,100,982,84,809,92,821,81,726,96,758
Billing and posting clerks,338,870,391,826,442,854,398,772,379,749
"Bookkeeping, accounting, and auditing clerks",778,962,869,943,818,893,741,825,741,824
Gambling cage workers,17,–,22,–,17,–,15,–,11,–
Payroll and timekeeping clerks,108,963,119,"1,040",113,983,144,921,129,945
Procurement clerks,48,–,41,–,24,–,35,–,27,–
Tellers,173,763,163,721,164,708,173,695,225,639
"Financial clerks, all other",131,"1,119",121,"1,078",124,"1,034",95,909,90,"1,039"
Brokerage clerks,2,–,6,–,6,–,9,–,4,–
Correspondence clerks,3,–,3,–,6,–,1,–,3,–
"Court, municipal, and license clerks",66,971,84,928,73,816,69,811,73,777
"Credit authorizers, checkers, and clerks",20,–,25,–,43,–,40,–,41,–
Customer service representatives,"1,936",868,"2,157",828,"2,097",808,"1,863",780,"1,814",721
"Eligibility interviewers, government programs",77,"1,000",96,960,74,958,67,840,71,898
File Clerks,103,895,86,898,106,779,126,775,138,751
"Hotel, motel, and resort desk clerks",64,737,87,741,81,633,74,652,60,534
"Interviewers, except eligibility and loan",172,890,166,789,117,808,172,772,155,711
"Library assistants, clerical",25,–,33,–,32,–,29,–,25,–
Loan interviewers and clerks,106,"1,002",128,931,158,965,126,899,135,911
New accounts clerks,14,–,17,–,14,–,9,–,22,–
Order clerks,62,885,66,734,84,782,89,714,75,704
"Human resources assistants, except payroll and timekeeping",78,"1,077",71,988,80,"1,168",37,–,44,–
Receptionists and information clerks,821,767,827,752,838,713,871,685,846,642
Reservation and transportation ticket agents and travel clerks,89,937,113,900,79,991,74,786,81,879
"Information and record clerks, all other",98,815,71,858,71,822,98,774,81,915
Cargo and freight agents,12,–,25,–,25,–,3,–,16,–
Couriers and messengers,464,890,547,853,523,807,492,802,340,779
Public safety telecommunicators,74,"1,140",67,"1,013",76,802,82,911,102,858
"Dispatchers, except police, fire, and ambulance",137,958,156,898,161,861,163,812,178,768
"Meter readers, utilities",12,–,20,–,21,–,30,–,18,–
Postal service clerks,81,"1,041",95,894,85,946,96,"1,047",80,"1,010"
Postal service mail carriers,296,"1,218",279,"1,130",275,"1,067",259,992,290,"1,017"
"Postal service mail sorters, processors, and processing machine operators",43,–,58,904,63,911,76,879,60,977
"Production, planning, and expediting clerks",219,"1,274",198,"1,334",204,"1,167",184,"1,115",243,"1,072"
"Shipping, receiving, and inventory clerks",530,853,555,811,576,772,537,725,505,696
"Weighers, measurers, checkers, and samplers, recordkeeping",56,906,59,843,41,–,42,–,53,729
Executive secretaries and executive administrative assistants,222,"1,272",179,"1,272",210,"1,088",211,"1,027",170,991
Legal secretaries and administrative assistants,36,–,40,–,41,–,46,–,54,914
Medical secretaries and administrative assistants,64,880,80,909,64,853,53,756,63,804
"Secretaries and administrative assistants, except legal, medical, and executive","1,380",930,"1,387",894,"1,518",836,"1,532",819,"1,607",781
Data entry keyers,179,923,185,814,192,798,195,718,180,710
Word processors and typists,43,–,33,–,32,–,23,–,32,–
Desktop publishers,0,–,1,–,1,–,1,–,0,–
Insurance claims and policy processing clerks,271,891,265,912,285,809,262,763,221,760
"Mail clerks and mail machine operators, except postal service",34,–,37,–,41,–,40,–,35,–
"Office clerks, general",905,877,926,828,959,776,927,744,912,736
"Office machine operators, except computer",18,–,15,–,17,–,22,–,12,–
Proofreaders and copy markers,9,–,4,–,5,–,4,–,4,–
Statistical assistants,13,–,14,–,13,–,42,–,66,"1,272"
"Office and administrative support workers, all other",556,"1,012",380,"1,007",494,925,582,890,437,867
,,,,,,,,,,
"Natural resources, construction, and maintenance occupations","11,387","1,042","11,368","1,001","11,386",965,"11,182",919,"10,690",905
"Farming, fishing, and forestry occupations",717,716,731,689,762,645,800,623,787,589
"First-line supervisors of farming, fishing, and forestry workers",46,–,59,907,38,–,35,–,43,–
Agricultural inspectors,16,–,24,–,16,–,11,–,14,–
Animal breeders,6,–,9,–,3,–,6,–,0,–
"Graders and sorters, agricultural products",51,693,39,–,36,–,41,–,41,–
Miscellaneous agricultural workers,556,705,542,662,604,634,641,613,628,574
Fishing and hunting workers,7,–,7,–,10,–,16,–,14,–
Forest and conservation workers,10,–,18,–,12,–,12,–,17,–
Logging workers,25,–,33,–,43,–,38,–,29,–
Construction and extraction occupations,"6,518","1,017","6,517",985,"6,406",943,"6,171",904,"5,826",906
First-line supervisors of construction trades and extraction workers,600,"1,390",537,"1,373",521,"1,227",545,"1,208",596,"1,200"
Boilermakers,7,–,14,–,10,–,23,–,14,–
"Brickmasons, blockmasons, and stonemasons",91,"1,037",76,850,71,"1,009",77,867,87,749
Carpenters,833,929,942,928,866,884,830,850,756,892
"Carpet, floor, and tile installers and finishers",84,981,67,924,99,786,104,778,117,770
"Cement masons, concrete finishers, and terrazzo workers",50,"1,001",48,–,59,876,63,917,54,782
Construction laborers,"1,602",899,"1,572",858,"1,636",826,"1,503",766,"1,343",783
Construction equipment operators,372,"1,099",353,"1,113",351,"1,038",334,992,328,979
"Drywall installers, ceiling tile installers, and tapers",100,817,90,812,120,829,133,704,131,784
Electricians,877,"1,214",813,"1,195",784,"1,116",737,"1,060",735,"1,024"
Glaziers,23,–,28,–,28,–,45,–,43,–
Insulation workers,35,–,61,"1,079",51,748,30,–,49,–
Painters and paperhangers,340,814,389,810,402,747,360,741,316,691
Pipelayers,45,–,46,–,44,–,36,–,41,–
"Plumbers, pipefitters, and steamfitters",567,"1,126",546,"1,063",485,"1,078",506,992,444,"1,002"
Plasterers and stucco masons,25,–,22,–,23,–,15,–,24,–
Reinforcing iron and rebar workers,7,–,10,–,6,–,9,–,3,–
Roofers,200,846,187,804,127,786,151,685,146,732
Sheet metal workers,108,"1,056",112,"1,096",123,992,115,979,103,905
Structural iron and steel workers,34,–,37,–,59,"1,170",35,–,38,–
Solar photovoltaic installers,21,–,14,–,25,–,20,–,18,–
"Helpers, construction trades",46,–,49,–,42,–,63,691,48,–
Construction and building inspectors,94,"1,212",85,"1,193",88,"1,316",65,988,73,"1,119"
Elevator and escalator installers and repairers,28,–,39,–,49,–,37,–,17,–
Fence erectors,27,–,26,–,40,–,25,–,27,–
Hazardous materials removal workers,35,–,21,–,22,–,25,–,26,–
Highway maintenance workers,72,"1,109",98,941,94,892,90,880,89,846
Rail-track laying and maintenance equipment operators,14,–,22,–,16,–,11,–,5,–
Septic tank servicers and sewer pipe cleaners,8,–,7,–,8,–,9,–,4,–
Miscellaneous construction and related workers,24,–,48,–,24,–,19,–,22,–
"Derrick, rotary drill, and service unit operators, oil and gas",21,–,21,–,32,–,20,–,16,–
"Excavating and loading machine and dragline operators, surface mining",4,–,9,–,3,–,4,–,6,–
"Earth drillers, except oil and gas",36,–,22,–,19,–,30,–,19,–
"Explosives workers, ordnance handling experts, and blasters",13,–,7,–,9,–,11,–,6,–
Underground mining machine operators,29,–,43,–,24,–,35,–,35,–
"Roustabouts, oil and gas",9,–,8,–,8,–,3,–,7,–
Other extraction workers,40,–,47,–,38,–,55,"1,160",40,–
"Installation, maintenance, and repair occupations","4,152","1,150","4,120","1,092","4,218","1,043","4,211","1,017","4,077",984
"First-line supervisors of mechanics, installers, and repairers",275,"1,382",227,"1,246",234,"1,355",217,"1,304",212,"1,269"
"Computer, automated teller, and office machine repairers",92,"1,066",109,"1,042",154,"1,139",148,"1,017",142,960
Radio and telecommunications equipment installers and repairers,86,"1,198",92,"1,042",104,"1,184",127,"1,225",125,"1,192"
Avionics technicians,13,–,10,–,6,–,3,–,8,–
"Electric motor, power tool, and related repairers",13,–,18,–,22,–,17,–,15,–
"Electrical and electronics installers and repairers, transportation equipment",1,–,0,–,2,–,1,–,3,–
"Electrical and electronics repairers, industrial and utility",7,–,8,–,17,–,16,–,9,–
"Electronic equipment installers and repairers, motor vehicles",6,–,3,–,6,–,8,–,4,–
Audiovisual equipment installers and repairers,12,–,19,–,23,–,13,–,23,–
Security and fire alarm systems installers,53,"1,158",37,–,57,968,63,"1,008",50,"1,028"
Aircraft mechanics and service technicians,161,"1,297",115,"1,355",163,"1,253",152,"1,282",151,"1,164"
Automotive body and related repairers,89,993,105,"1,025",121,999,113,990,102,904
Automotive glass installers and repairers,17,–,18,–,25,–,24,–,12,–
Automotive service technicians and mechanics,712,"1,036",741,994,733,917,651,906,585,855
Bus and truck mechanics and diesel engine specialists,265,"1,135",281,"1,093",312,"1,025",318,996,312,"1,023"
Heavy vehicle and mobile equipment service technicians and mechanics,183,"1,272",194,"1,206",205,"1,281",237,"1,122",179,999
Small engine mechanics,29,–,28,–,36,–,36,–,36,–
"Miscellaneous vehicle and mobile equipment mechanics, installers, and repairers",65,820,56,804,57,871,75,781,72,665
Control and valve installers and repairers,25,–,19,–,16,–,15,–,25,–
"Heating, air conditioning, and refrigeration mechanics and installers",423,"1,158",464,"1,126",408,"1,029",370,"1,009",382,"1,003"
Home appliance repairers,27,–,28,–,29,–,30,–,24,–
Industrial and refractory machinery mechanics,349,"1,253",397,"1,172",380,"1,105",426,"1,050",401,"1,031"
"Maintenance and repair workers, general",615,"1,029",586,"1,007",556,991,556,958,550,895
"Maintenance workers, machinery",27,–,20,–,19,–,23,–,22,–
Millwrights,46,–,33,–,44,–,47,–,62,"1,178"
Electrical power-line installers and repairers,127,"1,482",122,"1,373",111,"1,372",123,"1,219",139,"1,268"
Telecommunications line installers and repairers,120,"1,134",141,"1,135",121,"1,257",128,"1,078",155,"1,031"
Precision instrument and equipment repairers,49,–,35,–,47,–,54,"1,150",62,"1,085"
Wind turbine service technicians,8,–,9,–,9,–,12,–,5,–
"Coin, vending, and amusement machine servicers and repairers",27,–,26,–,29,–,22,–,27,–
Commercial divers,5,–,1,–,1,–,0,–,3,–
Locksmiths and safe repairers,36,–,23,–,8,–,19,–,19,–
Manufactured building and mobile home installers,4,–,3,–,3,–,1,–,3,–
Riggers,14,–,15,–,11,–,7,–,6,–
"Helpers--installation, maintenance, and repair workers",20,–,12,–,10,–,18,–,16,–
"Other installation, maintenance, and repair workers",150,"1,014",124,"1,014",139,910,140,830,139,780
,,,,,,,,,,
"Production, transportation, and material moving occupations","15,842",891,"15,977",869,"16,076",821,"15,590",774,"14,738",746
Production occupations,"7,093",922,"7,313",895,"7,352",862,"7,107",809,"6,820",775
First-line supervisors of production and operating workers,732,"1,253",714,"1,175",753,"1,090",738,"1,080",713,"1,038"
"Aircraft structure, surfaces, rigging, and systems assemblers",2,–,14,–,8,–,8,–,3,–
"Electrical, electronics, and electromechanical assemblers",103,886,115,824,98,729,111,745,90,640
Engine and other machine assemblers,8,–,12,–,9,–,6,–,3,–
Structural metal fabricators and fitters,22,–,18,–,21,–,14,–,17,–
Other assemblers and fabricators,870,866,961,812,"1,014",774,894,710,828,705
Bakers,155,719,139,670,147,646,143,614,131,596
"Butchers and other meat, poultry, and fish processing workers",204,836,231,767,217,769,236,718,221,733
"Food and tobacco roasting, baking, and drying machine operators and tenders",6,–,2,–,3,–,10,–,8,–
Food batchmakers,69,851,57,810,58,722,67,669,70,649
Food cooking machine operators and tenders,7,–,8,–,11,–,7,–,7,–
"Food processing workers, all other",130,813,137,927,141,816,136,734,118,669
Computer numerically controlled tool operators and programmers,90,"1,118",107,"1,055",69,"1,088",83,"1,036",96,964
"Forming machine setters, operators, and tenders, metal and plastic",22,–,28,–,27,–,23,–,24,–
"Cutting, punching, and press machine setters, operators, and tenders, metal and plastic",43,–,68,780,57,815,63,746,69,821
"Grinding, lapping, polishing, and buffing machine tool setters, operators, and tenders, metal and plastic",38,–,35,–,25,–,26,–,35,–
"Other machine tool setters, operators, and tenders, metal and plastic",8,–,8,–,10,–,7,–,8,–
Machinists,279,"1,083",284,"1,023",283,"1,036",295,914,297,923
"Metal furnace operators, tenders, pourers, and casters",13,–,15,–,16,–,17,–,19,–
"Model makers and patternmakers, metal and plastic",0,–,5,–,0,–,2,–,9,–
"Molders and molding machine setters, operators, and tenders, metal and plastic",21,–,29,–,16,–,34,–,37,–
Tool and die makers,33,–,31,–,40,–,44,–,37,–
"Welding, soldering, and brazing workers",510,"1,013",498,"1,012",501,996,506,904,486,839
Other metal workers and plastic workers,290,884,347,855,393,862,340,769,338,770
Prepress technicians and workers,15,–,9,–,15,–,13,–,12,–
Printing press operators,109,970,117,869,123,798,130,839,120,748
Print binding and finishing workers,13,–,11,–,6,–,6,–,16,–
Laundry and dry-cleaning workers,77,635,92,665,75,624,88,511,94,538
"Pressers, textile, garment, and related materials",21,–,16,–,15,–,13,–,23,–
Sewing machine operators,92,701,103,673,87,631,94,572,97,579
Shoe and leather workers,8,–,6,–,9,–,11,–,6,–
"Tailors, dressmakers, and sewers",16,–,32,–,16,–,25,–,31,–
"Textile machine setters, operators, and tenders",17,–,17,–,16,–,6,–,15,–
Upholsterers,10,–,15,–,10,–,17,–,20,–
"Other textile, apparel, and furnishings workers",3,–,9,–,15,–,9,–,12,–
Cabinetmakers and bench carpenters,32,–,33,–,50,833,57,788,31,–
Furniture finishers,16,–,7,–,5,–,6,–,9,–
"Sawing machine setters, operators, and tenders, wood",19,–,16,–,24,–,18,–,20,–
"Woodworking machine setters, operators, and tenders, except sawing",14,–,28,–,18,–,15,–,9,–
Other woodworkers,15,–,15,–,18,–,12,–,12,–
"Power plant operators, distributors, and dispatchers",37,–,41,–,20,–,34,–,38,–
Stationary engineers and boiler operators,86,"1,500",72,"1,328",87,"1,173",64,"1,184",45,–
Water and wastewater treatment plant and system operators,102,"1,038",89,961,93,"1,170",94,960,116,955
Miscellaneous plant and system operators,50,"1,465",34,–,43,–,32,–,42,–
"Chemical processing machine setters, operators, and tenders",44,–,41,–,67,"1,047",65,969,50,"1,083"
"Crushing, grinding, polishing, mixing, and blending workers",77,891,94,994,76,908,69,838,79,766
Cutting workers,53,812,50,826,50,709,51,775,54,692
"Extruding, forming, pressing, and compacting machine setters, operators, and tenders",17,–,14,–,12,–,24,–,22,–
"Furnace, kiln, oven, drier, and kettle operators and tenders",10,–,8,–,9,–,10,–,10,–
"Inspectors, testers, sorters, samplers, and weighers",723,957,718,921,726,908,750,883,684,814
Jewelers and precious stone and metal workers,15,–,33,–,22,–,21,–,22,–
Dental and ophthalmic laboratory technicians and medical appliance technicians,51,931,56,722,76,807,50,692,59,694
Packaging and filling machine operators and tenders,282,731,264,716,287,701,251,671,224,620
Painting workers,141,996,126,816,142,886,134,822,139,849
Photographic process workers and processing machine operators,24,–,18,–,9,–,21,–,3,–
Adhesive bonding machine operators and tenders,6,–,10,–,1,–,14,–,8,–
Etchers and engravers,1,–,5,–,3,–,1,–,3,–
"Molders, shapers, and casters, except metal and plastic",16,–,17,–,19,–,17,–,19,–
"Paper goods machine setters, operators, and tenders",12,–,15,–,15,–,8,–,22,–
Tire builders,6,–,10,–,8,–,8,–,0,–
Helpers--production workers,41,–,39,–,55,791,32,–,31,–
Other production equipment operators and tenders,5,–,7,–,8,–,5,–,5,–
Other production workers,"1,162",890,"1,162",856,"1,106",815,"1,022",761,957,739
Transportation and material moving occupations,"8,750",862,"8,664",841,"8,724",796,"8,483",738,"7,917",719
Supervisors of transportation and material moving workers,299,"1,167",313,"1,016",283,"1,015",310,996,222,919
Aircraft pilots and flight engineers,150,"2,311",173,"2,015",148,"1,774",115,"1,913",112,"1,923"
Air traffic controllers and airfield operations specialists,28,–,38,–,33,–,28,–,32,–
Flight attendants,88,"1,064",74,961,90,971,77,859,54,895
"Ambulance drivers and attendants, except emergency medical technicians",25,–,13,–,13,–,6,–,8,–
"Bus drivers, school",98,922,115,660,120,726,125,710,105,647
"Bus drivers, transit and intercity",202,931,224,911,175,889,182,801,146,783
Driver/sales workers and truck drivers,"2,765","1,043","2,709","1,005","2,657",975,"2,680",920,"2,592",896
Shuttle drivers and chauffeurs,50,858,47,–,41,–,29,–,57,606
Taxi drivers,225,762,218,865,198,781,148,678,157,734
"Motor vehicle operators, all other",146,815,114,813,116,689,94,723,84,616
Locomotive engineers and operators,40,–,45,–,42,–,41,–,50,"1,489"
Railroad conductors and yardmasters,51,"1,544",53,"1,642",41,–,38,–,34,–
Other rail transportation workers,17,–,27,–,18,–,13,–,11,–
Sailors and marine oilers,19,–,16,–,28,–,17,–,16,–
Ship and boat captains and operators,29,–,27,–,32,–,17,–,30,–
Ship engineers,2,–,3,–,7,–,2,–,1,–
Parking attendants,36,–,41,–,40,–,47,–,44,–
Transportation service attendants,57,729,44,–,62,611,70,630,81,611
Transportation inspectors,42,–,35,–,41,–,34,–,26,–
Passenger attendants,18,–,25,–,14,–,6,–,14,–
Other transportation workers,31,–,29,–,47,–,28,–,24,–
Crane and tower operators,47,–,55,"1,316",54,"1,134",53,"1,047",48,–
"Conveyor, dredge, and hoist and winch operators",26,–,21,–,21,–,28,–,23,–
Industrial truck and tractor operators,582,850,583,809,595,779,581,743,507,711
Cleaners of vehicles and equipment,227,756,299,694,243,659,215,590,214,580
"Laborers and freight, stock, and material movers, hand","1,721",792,"1,584",765,"1,735",729,"1,649",689,"1,587",650
Machine feeders and offbearers,21,–,29,–,14,–,16,–,11,–
"Packers and packagers, hand",508,705,484,698,516,679,541,614,436,582
Stockers and order fillers,"1,055",718,"1,084",706,"1,157",682,"1,151",612,"1,058",593
Pumping station operators,13,–,18,–,17,–,15,–,17,–
Refuse and recyclable material collectors,82,830,74,762,79,759,63,728,70,680
Other material moving workers,48,–,50,889,46,–,62,777,46,–
,,,,,,,,,,
"NOTE: Updated population controls are introduced annually with the release of January data. Dash indicates no data or data that do not meet publication criteria (values not shown where base is less than 50,000).",,,,,,,,,,
,,,,,,,,,,
,,,,,,,,,,
,,,,,,,,,,
,,,,,,,,,,
,,,,,,,,,,
,,,,,,,,,,
,,,,,,,,,,