Occupation,Total_employed_2024,Women_2024,White_2024,Black_or_African_American_2024,Asian_2024,Hispanic_or_Latino_2024,Total_employed_2023,Women_2023,White_2023,Black_or_African_American_2023,Asian_2023,Hispanic_or_Latino_2023,Total_employed_2022,Women_2022,White_2022,Black_or_African_American_2022,Asian_2022,Hispanic_or_Latino_2022,Total_employed_2021,Women_2021,White_2021,Black_or_African_American_2021,Asian_2021,Hispanic_or_Latino_2021,Total_employed_2020,Women_2020,White_2020,Black_or_African_American_2020,Asian_2020,Hispanic_or_Latino_2020
"Total, full-time wage and salary workers","161,346",47.1,76.3,12.8,7.0,19.4,"161,037",46.9,76.5,12.8,6.9,18.8,"158,291",46.8,77.0,12.6,6.7,18.5,"152,581",47.0,77.5,12.3,6.6,18.0,"147,795",46.8,78.0,12.1,6.4,17.6
"Management, professional, and related occupations","70,744",52.3,76.7,10.6,9.4,11.4,"70,275",51.8,76.9,10.6,9.3,11.2,"68,099",51.5,77.7,10.2,9.0,10.9,,,,,,,,,,,,
"Management, business, and financial operations occupations","30,602",45.7,79.8,9.7,7.4,11.8,"30,544",45.7,79.7,9.8,7.5,11.8,"29,350",44.8,80.4,9.4,7.3,11.3,"64,744",52.0,78.3,9.8,9.0,10.4,"63,644",51.7,78.7,9.7,8.6,10.4
Management occupations,"20,657",41.8,81.0,9.1,6.9,12.3,"20,906",41.9,80.9,9.2,7.0,12.1,"20,199",40.5,81.6,9.0,6.6,11.5,"27,864",45.3,80.8,9.2,7.1,10.8,"27,143",44.6,81.7,8.8,6.7,10.9
Chief executives,"1,728",33.0,86.0,6.1,6.4,6.1,"1,780",30.6,85.8,5.2,7.3,6.3,"1,780",29.2,85.9,5.9,6.7,6.8,"18,986",40.9,82.2,8.6,6.5,11.1,"18,564",40.4,83.4,8.0,5.8,10.7
General and operations managers,"1,440",33.8,80.1,9.8,5.3,12.3,"1,359",37.1,82.8,8.4,5.8,13.0,"1,165",35.4,82.4,9.1,5.3,11.5,"1,664",29.1,85.7,5.9,6.8,7.4,"1,669",29.3,88.0,4.3,5.4,7.4
Legislators,15,–,–,–,–,–,12,–,–,–,–,–,14,–,–,–,–,–,"1,085",36.4,82.7,9.3,4.6,10.3,"1,057",30.5,84.4,7.1,4.5,12.4
Advertising and promotions managers,54,55.8,92.0,4.1,3.6,9.8,49,–,–,–,–,–,68,49.7,80.3,13.8,4.4,8.9,21,–,–,–,–,–,25,–,–,–,–,–
Marketing managers,513,64.2,82.6,4.4,9.0,10.4,567,62.4,84.1,7.1,7.1,10.6,656,58.9,83.9,6.8,7.5,11.4,72,42.4,78.7,12.1,5.2,6.2,56,52.1,80.5,14.7,3.9,3.5
Sales managers,555,32.9,87.4,7.8,3.1,10.2,569,33.1,89.7,4.8,2.9,11.7,566,34.2,88.3,5.9,3.5,11.3,576,61.4,83.5,6.2,7.3,8.3,554,60.7,84.1,5.5,7.6,9.9
Public relations and fundraising managers,149,70.1,88.5,6.5,3.7,12.3,110,66.4,82.1,12.2,3.0,9.2,131,64.3,87.4,8.9,2.9,7.5,537,30.6,86.4,5.9,5.0,10.6,521,30.9,87.6,5.8,4.2,7.6
Administrative services managers,87,74.6,80.8,9.8,7.1,11.4,78,74.0,71.9,11.9,7.2,15.2,69,78.2,82.1,9.4,4.8,17.3,100,68.0,89.3,3.5,4.4,7.2,95,66.4,91.0,4.3,2.3,7.6
Facilities managers,142,21.5,79.9,13.0,6.3,8.5,149,23.4,86.0,11.1,1.5,9.4,129,19.3,92.0,6.1,1.1,17.8,60,79.0,84.0,13.3,1.5,9.9,65,71.7,83.4,9.5,6.5,16.9
Computer and information systems managers,732,30.1,71.9,6.7,19.5,8.2,793,27.7,72.3,7.9,17.7,9.6,764,26.4,72.6,7.8,16.5,7.5,146,21.3,90.5,7.4,0.2,14.5,134,25.0,90.1,4.9,2.4,12.6
Financial managers,"1,445",53.4,77.4,10.2,9.5,10.6,"1,411",56.2,77.7,10.1,9.9,11.9,"1,380",55.7,78.5,9.6,9.3,10.1,715,26.7,72.4,7.2,17.8,7.3,744,26.6,75.5,7.0,15.5,5.2
Compensation and benefits managers,13,–,–,–,–,–,16,–,–,–,–,–,18,–,–,–,–,–,"1,307",54.6,78.5,9.0,9.0,10.4,"1,309",52.6,79.4,9.7,8.2,9.9
Human resources managers,306,76.1,78.9,13.1,5.1,14.8,335,76.5,76.7,14.7,5.4,12.8,295,72.9,81.5,12.0,4.0,11.6,16,–,–,–,–,–,18,–,–,–,–,–
Training and development managers,62,65.8,88.1,7.8,0.0,9.8,62,48.0,83.8,12.3,1.4,4.2,63,48.7,86.4,6.2,6.6,4.4,273,80.8,78.9,12.3,6.4,12.5,287,76.8,81.0,12.0,4.9,14.0
Industrial production managers,290,23.8,81.1,8.5,7.6,14.9,279,19.1,83.5,6.3,8.4,14.3,281,22.5,84.0,6.7,6.7,12.9,55,59.9,90.9,4.1,3.4,12.0,52,55.8,85.4,9.2,0.2,10.1
Purchasing managers,221,47.5,83.0,8.0,5.5,8.6,241,47.7,74.5,16.1,8.0,7.3,234,45.5,78.2,11.5,7.5,8.4,256,24.1,82.8,5.7,9.3,10.9,272,22.6,84.3,5.9,7.2,13.5
"Transportation, storage, and distribution managers",380,21.8,77.2,13.5,6.2,14.8,382,21.4,78.4,13.1,5.1,13.5,351,22.6,85.1,8.9,3.4,17.2,232,45.9,82.3,8.5,6.7,8.2,212,45.8,83.2,12.1,3.1,7.3
"Farmers, ranchers, and other agricultural managers",858,27.0,96.0,1.4,0.5,6.5,876,27.4,96.2,1.4,0.8,6.4,946,23.9,94.8,1.5,0.6,6.6,314,22.4,82.5,10.7,3.7,16.3,300,21.3,79.3,10.7,6.1,17.2
Construction managers,"1,251",10.5,89.4,4.8,2.8,17.6,"1,136",10.6,89.8,4.8,2.0,16.1,"1,057",8.5,89.8,5.3,2.6,16.2,875,26.3,94.8,1.5,0.9,6.0,901,25.1,96.3,0.7,0.8,4.3
Education and childcare administrators,"1,006",66.2,78.0,16.0,3.5,10.3,"1,108",68.6,75.4,15.5,5.7,12.0,988,68.1,78.0,16.3,4.0,9.8,999,8.6,90.8,5.1,1.7,16.3,966,8.4,91.4,3.3,2.9,14.5
Architectural and engineering managers,201,10.6,75.8,5.2,17.5,8.1,206,12.8,73.2,5.4,18.4,9.5,202,13.3,76.5,6.7,14.3,9.6,956,65.5,79.8,14.0,3.3,9.7,948,66.5,79.5,14.3,3.3,12.0
Food service managers,"1,192",48.8,75.1,10.1,10.8,21.3,"1,198",46.7,73.1,11.5,12.2,19.3,"1,153",46.3,71.2,13.0,11.2,19.5,178,11.5,79.9,4.5,15.0,7.2,171,9.5,84.2,3.4,9.5,4.7
Funeral home managers,14,–,–,–,–,–,10,–,–,–,–,–,8,–,–,–,–,–,"1,133",48.5,74.7,11.0,10.4,19.5,"1,092",46.6,77.7,9.8,9.4,19.8
Entertainment and recreation managers,72,46.2,80.0,7.8,3.3,28.8,81,50.1,82.4,7.1,4.5,24.2,65,41.5,87.4,7.1,1.6,8.6,9,–,–,–,–,–,10,–,–,–,–,–
Lodging managers,129,53.9,75.6,11.6,7.7,14.4,141,61.6,72.3,10.2,13.3,9.8,113,46.7,75.4,6.6,12.9,8.4,43,–,–,–,–,–,40,–,–,–,–,–
Medical and health services managers,824,73.9,76.4,14.2,5.1,14.1,838,71.8,75.7,14.2,5.7,10.7,797,71.6,74.6,16.0,7.3,9.0,116,47.6,75.1,10.3,12.5,14.1,123,56.0,74.8,12.4,10.4,11.2
Natural sciences managers,53,66.7,75.1,9.5,11.2,2.4,39,–,–,–,–,–,28,–,–,–,–,–,791,75.0,76.1,14.1,7.0,10.5,711,70.3,77.6,13.3,5.6,11.5
Postmasters and mail superintendents,23,–,–,–,–,–,19,–,–,–,–,–,26,–,–,–,–,–,21,–,–,–,–,–,16,–,–,–,–,–
"Property, real estate, and community association managers",790,47.0,79.6,10.7,6.6,13.8,880,51.7,80.8,10.4,5.5,12.6,835,50.3,83.1,9.9,4.3,11.0,16,–,–,–,–,–,24,–,–,–,–,–
Social and community service managers,493,72.8,77.2,14.8,4.0,10.4,486,71.7,73.6,17.5,3.5,11.2,434,70.7,78.1,12.7,4.7,12.8,780,50.7,83.2,10.3,4.0,11.4,781,48.5,84.7,8.6,3.5,12.9
Emergency management directors,18,–,–,–,–,–,12,–,–,–,–,–,22,–,–,–,–,–,391,68.6,74.6,17.9,4.0,13.7,424,72.5,75.9,18.3,2.1,10.3
"Personal service managers, all other",11,–,–,–,–,–,16,–,–,–,–,–,6,–,–,–,–,–,13,–,–,–,–,–,12,–,–,–,–,–
"Managers, all other","5,591",38.7,80.1,9.3,7.5,13.2,"5,666",37.5,80.7,9.2,7.1,13.1,"5,557",36.1,80.9,8.9,7.0,12.5,1,–,–,–,–,–,2,–,–,–,–,–
Business and financial operations occupations,"9,945",53.8,77.3,10.8,8.4,10.9,"9,638",54.0,77.1,11.0,8.6,11.2,"9,152",54.5,77.9,10.2,8.9,11.0,"5,235",36.4,82.1,8.6,6.5,11.5,"4,969",37.5,83.2,8.1,5.9,10.4
"Agents and business managers of artists, performers, and athletes",42,–,–,–,–,–,50,43.3,77.4,10.9,7.2,18.5,39,–,–,–,–,–,"8,878",54.8,78.0,10.5,8.6,10.3,"8,578",53.9,78.0,10.5,8.7,11.2
"Buyers and purchasing agents, farm products",9,–,–,–,–,–,13,–,–,–,–,–,4,–,–,–,–,–,40,–,–,–,–,–,36,–,–,–,–,–
"Wholesale and retail buyers, except farm products",171,46.9,83.6,5.8,5.6,13.4,225,57.6,77.6,8.0,6.8,23.3,179,55.2,85.2,6.8,3.4,15.2,11,–,–,–,–,–,10,–,–,–,–,–
"Purchasing agents, except wholesale, retail, and farm products",278,47.6,78.2,10.6,7.5,9.1,319,51.9,78.2,11.7,6.4,9.1,266,55.7,82.3,7.2,7.4,7.9,159,55.1,82.3,9.4,4.2,15.9,178,52.7,82.8,9.7,5.8,14.9
"Claims adjusters, appraisers, examiners, and investigators",382,57.1,72.8,20.9,4.3,10.0,362,55.2,77.3,18.1,2.3,10.4,365,56.8,75.2,16.0,5.7,13.2,223,62.2,81.0,10.3,5.3,13.4,230,52.0,81.1,11.9,3.9,11.3
Compliance officers,311,55.0,76.4,14.4,5.5,12.5,333,51.8,78.9,12.5,4.2,14.5,294,56.8,76.5,13.7,5.6,16.5,330,58.2,74.4,16.7,4.3,14.6,350,60.4,71.6,19.8,4.5,15.0
Cost estimators,148,20.0,92.2,1.3,2.6,13.8,148,17.7,96.2,0.3,1.9,7.6,140,15.9,91.9,1.1,4.2,9.0,291,53.2,76.2,14.4,4.2,13.2,305,57.1,75.4,12.0,7.5,8.6
Human resources workers,944,75.5,76.6,14.3,4.9,15.2,980,76.5,74.9,14.7,6.0,16.7,936,77.2,77.0,14.0,6.2,16.2,127,15.5,87.9,3.8,4.8,10.8,121,15.0,93.7,2.9,2.0,14.1
"Compensation, benefits, and job analysis specialists",46,–,–,–,–,–,65,78.2,78.6,7.7,10.5,19.0,65,64.5,52.1,32.0,9.4,16.3,871,75.2,76.6,13.8,6.2,12.4,832,74.3,76.9,13.0,5.8,15.1
Training and development specialists,155,57.1,79.2,14.1,1.8,13.7,138,56.7,80.7,14.1,3.5,12.5,157,54.9,78.7,13.2,4.9,13.1,67,71.2,70.6,19.6,7.1,12.7,74,76.0,84.6,11.2,2.2,9.7
Logisticians,193,36.1,66.4,22.0,6.5,14.1,197,38.7,67.5,22.2,6.6,16.1,169,43.7,74.0,18.0,5.4,16.3,166,52.9,77.4,14.1,4.2,10.9,115,57.1,82.1,13.2,2.7,14.1
Project management specialists,966,47.2,78.7,9.6,9.4,8.2,935,47.3,77.0,9.6,10.1,7.8,841,42.2,78.3,9.0,9.3,7.7,132,39.3,80.3,13.4,4.9,10.2,147,38.1,82.6,11.8,4.4,20.6
Management analysts,"1,099",40.9,77.2,8.4,10.9,8.8,"1,060",46.6,78.5,6.9,11.7,6.9,"1,045",48.2,76.2,8.5,12.6,6.5,769,42.9,80.4,8.0,9.6,8.0,715,44.4,77.5,12.3,7.9,11.1
"Meeting, convention, and event planners",145,75.3,84.0,8.0,5.5,11.6,169,69.2,77.7,11.8,7.1,17.5,159,74.5,78.9,14.0,3.7,12.5,"1,001",45.5,79.2,8.0,10.8,7.2,997,42.7,77.8,8.4,11.9,9.3
Fundraisers,76,66.9,87.3,8.9,3.2,7.1,102,74.9,88.9,4.8,3.1,8.4,76,82.9,91.8,0.3,3.9,9.3,116,82.1,83.4,9.9,3.6,6.1,118,73.7,85.8,7.7,4.8,11.9
Market research analysts and marketing specialists,632,65.9,76.8,7.8,10.7,10.0,511,61.7,78.9,7.3,10.3,10.8,455,57.9,79.6,5.8,11.1,9.9,93,73.3,89.0,3.7,7.2,5.2,99,74.8,85.0,3.7,8.4,7.4
"Business operations specialists, all other",717,61.2,76.7,11.7,6.5,13.6,531,57.7,73.3,12.7,7.7,14.1,409,59.8,78.6,10.9,7.0,12.4,400,63.6,83.1,4.4,9.7,10.7,438,58.6,82.8,6.5,8.1,9.1
Accountants and auditors,"1,778",57.2,75.6,9.8,11.8,11.1,"1,624",57.0,73.4,11.9,12.7,8.5,"1,652",58.8,76.1,9.7,11.7,9.7,584,59.2,74.1,13.5,8.6,10.7,308,57.3,72.6,12.4,11.3,9.7
Property appraisers and assessors,80,40.1,94.1,0.0,3.0,7.4,97,34.2,94.7,0.6,4.1,11.9,100,45.5,92.4,4.2,2.7,7.8,"1,630",62.0,76.3,9.8,11.8,9.8,"1,696",59.7,77.3,9.5,11.2,10.2
Budget analysts,49,–,–,–,–,–,40,–,–,–,–,–,48,–,–,–,–,–,80,30.4,97.7,1.1,1.0,4.3,86,29.7,96.5,2.3,1.2,6.0
Credit analysts,40,–,–,–,–,–,44,–,–,–,–,–,51,46.3,72.8,6.9,11.3,9.3,61,55.6,66.0,17.7,5.7,10.7,60,53.2,69.6,13.9,7.6,14.9
Financial and investment analysts,406,42.7,70.7,11.4,14.9,7.8,395,43.9,70.6,13.8,11.7,8.3,387,40.2,74.7,8.0,14.2,12.2,38,–,–,–,–,–,30,–,–,–,–,–
Personal financial advisors,528,33.8,84.3,5.8,7.6,7.2,506,32.6,86.0,6.4,6.3,8.6,543,35.1,82.7,6.3,9.5,8.4,343,40.2,64.4,13.1,20.7,10.7,351,41.6,68.5,7.8,21.0,10.2
Insurance underwriters,124,61.9,78.1,14.6,5.4,8.8,108,56.9,77.3,15.6,5.8,10.7,105,65.6,83.5,13.2,2.3,13.0,535,33.8,82.2,7.3,7.5,7.7,514,34.0,78.5,7.9,10.7,8.2
Financial examiners,23,–,–,–,–,–,21,–,–,–,–,–,19,–,–,–,–,–,128,61.4,76.8,12.0,7.0,9.1,102,58.0,78.6,9.3,6.2,11.9
Credit counselors and loan officers,313,52.8,83.5,10.3,2.3,10.7,343,51.6,81.5,10.6,5.6,16.4,391,54.8,77.2,12.2,6.1,13.2,16,–,–,–,–,–,25,–,–,–,–,–
"Tax examiners and collectors, and revenue agents",45,–,–,–,–,–,71,60.8,78.5,14.9,4.5,11.8,71,57.9,83.5,9.8,5.8,15.0,440,52.2,78.7,12.8,3.7,12.0,400,54.4,79.0,13.1,4.7,12.4
Tax preparers,113,60.4,80.5,8.0,6.0,23.8,116,66.3,78.0,11.8,9.3,17.2,98,61.6,83.1,6.7,9.2,17.2,63,54.8,83.2,12.8,3.2,8.7,61,57.9,76.6,14.5,5.8,15.9
Other financial specialists,132,53.1,67.7,16.0,12.5,8.6,135,57.8,65.8,14.0,12.6,10.6,87,56.6,66.0,14.3,11.7,7.1,101,54.2,76.1,14.2,6.2,17.7,96,67.6,81.9,13.9,3.9,17.4
Professional and related occupations,"40,142",57.4,74.3,11.3,10.9,11.1,"39,731",56.5,74.8,11.3,10.7,10.8,"38,749",56.6,75.7,10.9,10.3,10.6,61,65.2,81.9,7.4,6.4,14.2,82,54.2,71.0,15.5,7.7,9.0
Computer and mathematical occupations,"6,386",26.4,64.2,9.6,23.3,8.3,"6,502",26.9,63.5,9.2,24.0,8.8,"6,171",26.7,65.1,9.1,22.3,8.6,"36,880",56.9,76.4,10.3,10.4,10.0,"36,502",57.0,76.5,10.5,10.1,10.1
Computer and information research scientists,36,–,–,–,–,–,44,–,–,–,–,–,41,–,–,–,–,–,"5,688",26.2,65.4,8.5,23.3,8.3,"5,603",25.2,65.4,9.1,23.0,8.4
Computer systems analysts,547,43.1,69.3,10.1,18.9,10.4,513,37.8,65.5,12.0,18.3,9.4,501,38.7,68.8,12.7,15.3,9.4,41,–,–,–,–,–,42,–,–,–,–,–
Information security analysts,243,18.9,74.5,18.1,5.9,10.3,231,19.3,79.3,11.1,7.9,12.6,178,18.0,76.6,11.6,7.7,11.9,464,37.5,70.0,11.3,16.0,11.0,594,35.6,68.0,9.7,18.7,8.1
Computer programmers,334,17.8,70.4,8.9,17.1,10.8,402,21.5,66.1,6.5,24.2,9.9,457,22.1,69.5,5.5,21.4,8.0,152,18.2,76.7,11.8,9.0,7.4,137,11.4,79.8,11.9,6.9,15.8
Software developers,"2,077",20.3,54.2,6.2,36.8,5.7,"2,134",20.2,54.6,6.5,36.2,6.0,"2,085",21.5,55.0,5.7,36.4,5.7,444,19.5,68.4,6.0,22.0,6.4,417,21.1,63.9,6.3,28.3,6.6
Software quality assurance analysts and testers,82,45.7,56.3,14.3,16.7,10.3,76,44.1,57.0,10.4,27.3,5.2,83,33.0,67.1,8.0,23.9,12.1,"1,932",19.7,54.7,5.4,37.1,5.8,"1,883",19.4,57.5,6.2,34.1,5.9
Web developers,54,30.8,82.1,2.8,8.9,9.5,76,19.4,84.2,1.2,9.2,20.4,79,21.9,80.2,0.8,10.2,20.4,74,46.5,55.9,14.1,27.6,5.7,82,25.1,57.6,12.0,29.6,9.2
Web and digital interface designers,96,47.5,81.6,5.8,12.6,6.4,79,42.7,82.9,3.6,7.9,5.4,89,44.5,79.1,7.2,9.1,9.0,81,38.7,84.7,4.6,7.5,8.6,104,27.8,79.3,3.7,16.2,5.9
Computer support specialists,633,26.9,67.4,13.7,15.1,8.5,687,26.2,67.0,13.2,15.0,9.7,704,25.8,71.2,11.3,12.5,12.9,64,51.1,87.4,5.0,6.6,9.6,70,44.8,81.7,5.9,9.9,15.8
Database administrators and architects,148,28.9,65.9,6.8,26.8,3.4,122,30.8,58.8,10.6,29.3,2.1,137,38.8,65.3,7.5,23.6,6.8,660,23.8,72.1,10.5,14.5,11.7,660,25.9,72.2,13.0,10.7,11.6
Network and computer systems administrators,154,17.1,77.8,8.2,9.8,15.3,202,16.7,73.2,8.6,14.7,11.6,217,19.8,75.1,9.5,11.9,9.1,111,35.0,73.1,5.1,20.0,6.3,121,28.8,62.1,5.9,30.1,5.6
Computer network architects,139,7.1,64.6,14.3,19.5,8.5,104,7.7,73.7,10.9,10.7,15.5,98,8.6,65.9,16.9,11.6,8.2,212,17.2,72.6,10.4,12.9,8.1,238,19.8,77.3,9.0,11.8,7.8
"Computer occupations, all other","1,188",24.4,66.9,12.5,18.4,10.1,"1,197",26.0,66.0,12.4,18.5,11.8,969,26.0,67.9,14.7,14.0,11.1,102,11.8,72.0,6.5,18.3,9.1,107,9.3,67.8,14.8,15.5,16.1
Actuaries,36,–,–,–,–,–,43,–,–,–,–,–,30,–,–,–,–,–,889,27.2,70.4,11.9,15.0,11.5,792,28.0,67.3,13.3,15.8,11.2
Mathematicians,5,–,–,–,–,–,5,–,–,–,–,–,4,–,–,–,–,–,29,–,–,–,–,–,32,–,–,–,–,–
Operations research analysts,176,48.6,69.6,10.7,14.9,10.2,138,55.0,68.0,16.1,13.0,8.7,135,51.6,68.7,17.6,9.2,11.3,0,–,–,–,–,–,3,–,–,–,–,–
Statisticians,70,41.1,73.9,10.9,13.3,4.5,46,–,–,–,–,–,51,48.2,56.9,6.4,35.3,2.7,141,51.0,71.0,14.9,10.7,10.1,156,42.9,77.5,13.6,8.6,9.5
Other mathematical science occupations,369,40.9,68.1,9.7,19.8,9.7,402,50.7,63.8,7.4,24.4,8.8,314,43.0,74.1,5.7,17.5,7.0,45,–,–,–,–,–,61,50.3,60.4,7.9,28.0,2.0
Architecture and engineering occupations,"3,552",17.2,76.8,7.3,13.1,10.5,"3,602",16.7,78.0,6.1,13.1,10.1,"3,464",16.1,77.3,6.6,13.9,10.3,245,49.2,64.1,12.3,21.6,7.9,103,37.8,63.6,9.3,25.7,6.2
"Architects, except landscape and naval",209,27.4,79.2,6.0,9.6,10.4,203,31.0,83.6,3.5,10.1,11.3,182,29.8,87.7,4.6,7.0,8.3,"3,235",17.4,77.0,5.8,14.6,9.9,"3,169",16.5,78.0,6.0,13.6,10.6
Landscape architects,18,–,–,–,–,–,28,–,–,–,–,–,32,–,–,–,–,–,212,31.6,79.9,4.6,13.3,6.5,190,28.2,78.8,7.2,12.5,8.5
"Surveyors, cartographers, and photogrammetrists",48,–,–,–,–,–,44,–,–,–,–,–,43,–,–,–,–,–,27,–,–,–,–,–,27,–,–,–,–,–
Aerospace engineers,182,10.5,78.1,9.4,9.5,5.2,166,15.2,75.8,8.6,12.7,3.6,173,17.4,80.9,3.8,12.4,9.6,41,–,–,–,–,–,45,–,–,–,–,–
Agricultural engineers,2,–,–,–,–,–,4,–,–,–,–,–,4,–,–,–,–,–,129,14.3,76.0,7.9,14.7,13.5,129,11.6,83.3,6.8,9.1,10.5
Bioengineers and biomedical engineers,25,–,–,–,–,–,26,–,–,–,–,–,24,–,–,–,–,–,8,–,–,–,–,–,7,–,–,–,–,–
Chemical engineers,79,20.8,83.2,2.0,12.0,4.6,83,21.6,80.2,5.0,10.6,6.1,75,27.9,70.2,7.8,13.5,7.3,15,–,–,–,–,–,22,–,–,–,–,–
Civil engineers,523,17.2,79.7,7.1,10.4,13.0,517,16.9,78.2,7.2,12.7,11.4,482,17.1,76.1,6.5,15.8,12.2,75,12.8,84.5,1.3,13.0,9.3,70,19.4,81.5,1.5,13.9,10.0
Computer hardware engineers,85,14.3,60.2,6.7,30.3,8.8,71,5.9,60.2,4.9,29.6,8.0,90,15.7,53.9,9.3,34.1,7.0,431,17.4,78.8,6.6,12.8,10.7,422,16.0,81.9,3.9,13.6,12.4
Electrical and electronics engineers,266,12.7,68.6,5.8,24.3,9.2,250,11.6,73.9,7.7,17.4,10.1,296,8.1,71.4,6.0,21.5,5.8,88,13.4,56.2,5.9,36.4,7.2,89,18.4,54.6,5.4,39.2,14.5
Environmental engineers,33,–,–,–,–,–,38,–,–,–,–,–,47,–,–,–,–,–,299,7.1,74.6,4.4,19.1,10.2,268,11.8,76.1,5.4,17.2,8.9
"Industrial engineers, including health and safety",268,24.1,73.2,6.7,17.0,11.8,298,24.6,78.4,6.1,12.6,10.3,221,25.0,73.5,7.1,16.8,6.1,33,–,–,–,–,–,33,–,–,–,–,–
Marine engineers and naval architects,20,–,–,–,–,–,16,–,–,–,–,–,8,–,–,–,–,–,216,26.0,75.8,5.1,16.2,5.1,225,23.4,74.7,5.2,19.1,5.9
Materials engineers,48,–,–,–,–,–,54,13.5,80.9,0.0,16.6,12.8,48,–,–,–,–,–,12,–,–,–,–,–,16,–,–,–,–,–
Mechanical engineers,389,11.4,80.9,7.0,9.8,7.1,433,10.1,78.9,6.2,12.8,9.5,403,8.5,79.4,3.6,14.9,11.9,43,–,–,–,–,–,53,25.5,83.5,5.3,9.4,7.1
"Mining and geological engineers, including mining safety engineers",7,–,–,–,–,–,10,–,–,–,–,–,3,–,–,–,–,–,354,9.4,78.0,4.6,13.7,8.9,357,8.7,80.4,5.0,11.5,6.7
Nuclear engineers,7,–,–,–,–,–,3,–,–,–,–,–,11,–,–,–,–,–,8,–,–,–,–,–,17,–,–,–,–,–
Petroleum engineers,23,–,–,–,–,–,12,–,–,–,–,–,18,–,–,–,–,–,11,–,–,–,–,–,10,–,–,–,–,–
"Engineers, all other",697,15.9,72.4,7.2,18.3,8.9,669,15.4,72.4,5.9,18.2,9.9,631,14.9,74.7,7.1,15.2,8.9,16,–,–,–,–,–,15,–,–,–,–,–
Architectural and civil drafters,38,–,–,–,–,–,33,–,–,–,–,–,46,–,–,–,–,–,666,16.3,71.9,5.1,19.9,9.6,560,15.3,72.3,7.5,17.7,10.0
Other drafters,92,20.7,90.0,2.0,6.8,13.7,98,20.5,88.6,3.2,8.2,8.9,80,15.3,88.2,5.1,6.7,12.6,32,–,–,–,–,–,38,–,–,–,–,–
Electrical and electronic engineering technologists and technicians,85,3.4,76.6,15.2,5.7,17.9,97,11.6,88.4,2.4,8.8,17.7,90,9.3,74.6,12.6,8.1,17.3,93,24.3,89.5,2.9,6.7,10.8,95,18.8,90.4,1.8,6.6,22.9
"Other engineering technologists and technicians, except drafters",355,21.3,76.5,12.7,6.1,16.8,366,17.3,78.0,8.5,7.8,13.5,374,15.0,76.6,11.0,10.1,13.7,74,10.9,75.2,11.4,8.5,9.4,82,3.2,79.5,8.8,7.1,15.4
Surveying and mapping technicians,53,22.1,89.5,3.7,5.1,9.2,87,12.0,94.8,2.3,1.5,8.7,83,11.3,89.2,8.5,0.0,11.5,293,21.3,81.5,9.6,5.3,14.9,344,19.1,76.5,9.0,8.7,16.4
"Life, physical, and social science occupations","1,877",50.7,72.6,8.4,15.0,9.7,"1,870",49.8,71.8,8.2,16.5,9.9,"1,840",48.2,73.3,6.1,17.1,8.2,57,12.6,88.7,6.0,2.1,17.3,56,9.9,89.6,3.2,3.0,6.3
Agricultural and food scientists,23,–,–,–,–,–,29,–,–,–,–,–,19,–,–,–,–,–,"1,640",47.4,74.6,7.4,15.2,8.3,"1,627",49.3,75.1,6.5,14.9,8.5
Biological scientists,105,54.7,80.8,3.3,10.7,5.4,118,55.0,84.6,3.1,9.8,5.4,110,57.9,80.4,5.7,11.8,3.5,32,–,–,–,–,–,32,–,–,–,–,–
Conservation scientists and foresters,24,–,–,–,–,–,32,–,–,–,–,–,29,–,–,–,–,–,94,48.1,71.1,12.1,14.4,2.4,84,46.0,79.8,5.6,13.7,10.1
Medical scientists,127,54.0,55.3,10.0,30.3,10.3,130,51.8,49.2,8.3,41.1,9.4,147,46.5,47.6,9.3,41.1,4.2,22,–,–,–,–,–,19,–,–,–,–,–
"Life scientists, all other",6,–,–,–,–,–,8,–,–,–,–,–,13,–,–,–,–,–,121,49.6,48.0,7.2,43.1,4.5,112,52.4,58.7,3.8,37.4,4.7
Astronomers and physicists,23,–,–,–,–,–,25,–,–,–,–,–,26,–,–,–,–,–,8,–,–,–,–,–,6,–,–,–,–,–
Atmospheric and space scientists,8,–,–,–,–,–,15,–,–,–,–,–,12,–,–,–,–,–,22,–,–,–,–,–,19,–,–,–,–,–
Chemists and materials scientists,87,46.3,74.8,7.0,16.6,11.4,93,36.0,64.7,3.0,24.1,10.0,78,46.3,67.5,8.3,21.8,9.1,11,–,–,–,–,–,10,–,–,–,–,–
"Environmental scientists and specialists, including health",51,54.7,79.0,0.0,7.9,10.3,46,–,–,–,–,–,33,–,–,–,–,–,94,32.1,70.2,8.0,21.5,6.1,80,40.4,64.2,10.7,19.7,2.2
"Geoscientists and hydrologists, except geographers",37,–,–,–,–,–,33,–,–,–,–,–,43,–,–,–,–,–,40,–,–,–,–,–,46,–,–,–,–,–
"Physical scientists, all other",474,46.9,62.4,7.6,26.6,7.4,441,43.1,58.8,9.2,29.7,7.5,442,43.0,62.6,5.0,29.4,6.4,42,–,–,–,–,–,37,–,–,–,–,–
Economists,28,–,–,–,–,–,28,–,–,–,–,–,29,–,–,–,–,–,370,41.2,63.8,6.9,27.3,6.5,336,43.3,61.3,6.4,30.1,6.2
Survey researchers,1,–,–,–,–,–,2,–,–,–,–,–,2,–,–,–,–,–,21,–,–,–,–,–,26,–,–,–,–,–
Clinical and counseling psychologists,16,–,–,–,–,–,19,–,–,–,–,–,13,–,–,–,–,–,1,–,–,–,–,–,5,–,–,–,–,–
School psychologists,52,84.4,87.0,7.8,1.6,5.1,56,87.9,91.2,5.7,0.0,4.5,48,–,–,–,–,–,13,–,–,–,–,–,18,–,–,–,–,–
Other psychologists,163,70.7,85.8,8.2,5.7,8.9,153,78.4,85.5,7.4,4.1,10.7,154,75.0,87.3,5.8,3.2,8.1,58,90.4,92.4,7.6,0.0,19.4,43,–,–,–,–,–
Sociologists,4,–,–,–,–,–,4,–,–,–,–,–,3,–,–,–,–,–,149,74.9,84.6,5.6,5.4,6.4,145,80.3,82.7,11.8,4.1,3.5
Urban and regional planners,45,–,–,–,–,–,37,–,–,–,–,–,35,–,–,–,–,–,2,–,–,–,–,–,3,–,–,–,–,–
Miscellaneous social scientists and related workers,38,–,–,–,–,–,55,53.9,91.4,3.0,4.6,6.9,57,51.9,86.4,1.9,8.2,4.9,28,–,–,–,–,–,47,–,–,–,–,–
Agricultural and food science technicians,52,34.8,86.0,6.2,4.7,17.2,48,–,–,–,–,–,42,–,–,–,–,–,54,53.5,84.8,5.2,2.2,5.4,50,47.7,83.4,1.9,5.5,7.8
Biological technicians,21,–,–,–,–,–,32,–,–,–,–,–,24,–,–,–,–,–,30,–,–,–,–,–,41,–,–,–,–,–
Chemical technicians,57,33.3,76.0,18.4,4.7,19.9,63,35.0,90.1,6.0,3.9,31.9,51,35.1,82.7,3.8,9.7,20.1,18,–,–,–,–,–,24,–,–,–,–,–
Environmental science and geoscience technicians,18,–,–,–,–,–,18,–,–,–,–,–,15,–,–,–,–,–,48,–,–,–,–,–,68,42.6,82.5,10.3,5.0,12.1
Nuclear technicians,6,–,–,–,–,–,6,–,–,–,–,–,7,–,–,–,–,–,15,–,–,–,–,–,21,–,–,–,–,–
Social science research assistants,6,–,–,–,–,–,4,–,–,–,–,–,5,–,–,–,–,–,2,–,–,–,–,–,7,–,–,–,–,–
"Other life, physical, and social science technicians",340,53.3,68.7,11.8,14.3,11.9,304,58.6,70.8,12.3,13.0,8.0,320,51.9,75.1,7.8,11.4,9.8,6,–,–,–,–,–,4,–,–,–,–,–
Occupational health and safety specialists and technicians,67,35.1,74.2,17.3,5.5,22.0,71,17.9,78.8,12.6,1.8,16.0,79,29.2,78.2,7.6,9.4,18.2,269,47.3,78.9,8.7,10.6,10.9,258,54.1,78.0,4.9,10.9,10.7
Community and social service occupations,"2,950",69.6,71.8,19.1,4.2,13.8,"2,879",69.6,72.9,19.6,3.9,14.5,"2,945",67.2,73.6,19.3,3.6,14.1,72,30.9,75.3,13.0,2.5,10.4,85,35.8,90.3,1.6,2.9,11.7
Substance abuse and behavioral disorder counselors,130,72.5,76.5,19.0,2.6,14.9,133,78.1,72.6,15.6,6.2,13.8,137,70.4,74.6,16.3,3.4,15.9,"2,777",67.5,72.9,19.7,3.8,12.5,"2,717",68.8,72.7,19.9,3.4,13.5
"Educational, guidance, and career counselors and advisors",388,76.9,77.5,13.6,3.0,16.4,384,79.2,76.0,17.2,2.5,14.1,408,75.3,75.4,17.6,3.0,11.4,121,69.1,70.4,25.9,1.3,11.6,130,81.3,70.2,25.4,1.7,16.8
Marriage and family therapists,31,–,–,–,–,–,34,–,–,–,–,–,38,–,–,–,–,–,362,76.5,74.3,18.9,2.7,15.8,343,77.8,73.0,19.0,4.0,14.8
Mental health counselors,199,73.5,71.5,21.7,2.0,5.2,219,74.6,75.9,18.4,2.8,16.8,195,74.9,82.4,14.9,1.1,10.6,44,–,–,–,–,–,40,–,–,–,–,–
Rehabilitation counselors,13,–,–,–,–,–,17,–,–,–,–,–,21,–,–,–,–,–,212,75.6,76.3,17.6,2.0,10.0,138,72.9,87.5,9.4,2.0,14.0
"Counselors, all other",285,72.9,69.7,24.1,1.9,10.2,255,72.3,71.0,23.1,3.5,11.3,248,69.9,76.1,19.1,1.6,13.3,11,–,–,–,–,–,28,–,–,–,–,–
"Child, family, and school social workers",68,79.8,76.9,15.0,3.5,15.6,60,88.1,65.8,26.3,3.9,14.2,72,86.0,61.3,30.5,6.2,11.1,250,67.1,65.0,27.6,4.4,11.8,225,68.2,75.0,18.3,3.7,15.2
Healthcare social workers,75,85.3,70.5,12.0,13.2,19.5,79,77.9,65.1,28.9,2.6,19.3,89,73.6,69.3,23.5,5.8,13.9,54,86.8,63.4,30.7,0.9,18.7,62,89.8,65.3,26.8,0.6,21.3
Mental health and substance abuse social workers,22,–,–,–,–,–,20,–,–,–,–,–,24,–,–,–,–,–,77,73.4,67.4,27.5,1.2,10.8,78,87.0,69.0,20.3,8.2,9.2
"Social workers, all other",732,83.4,65.6,24.7,4.7,17.0,704,84.2,70.7,23.2,3.2,17.1,731,81.5,65.4,27.3,4.2,17.3,15,–,–,–,–,–,24,–,–,–,–,–
Probation officers and correctional treatment specialists,72,62.5,62.0,26.5,2.6,13.7,77,57.4,62.6,34.9,1.1,15.9,70,53.4,77.5,21.5,0.6,26.0,681,83.6,65.4,25.8,4.6,15.2,673,85.4,64.4,25.7,3.7,15.0
Social and human service assistants,265,75.1,66.9,23.6,4.6,21.4,245,75.3,64.9,24.4,5.0,19.8,228,79.2,67.8,25.0,1.8,16.9,88,50.5,76.6,17.4,1.3,12.2,105,50.7,66.6,26.9,0.7,12.8
Other community and social service specialists,109,65.9,64.9,24.1,3.4,12.6,99,74.4,65.6,26.9,1.2,25.5,112,69.2,70.9,20.4,2.7,21.7,194,81.2,75.2,15.1,5.5,13.2,230,79.6,72.6,18.9,3.2,14.9
Clergy,395,23.7,76.1,12.2,6.3,6.4,403,21.4,80.3,9.5,7.4,7.5,434,18.9,79.7,9.9,6.1,10.2,100,82.5,61.8,24.8,6.1,16.2,100,77.6,61.6,30.4,3.3,12.7
"Directors, religious activities and education",71,67.7,91.5,6.9,0.9,8.2,78,67.3,75.7,12.2,4.1,9.9,68,62.8,91.0,7.8,1.1,9.5,404,16.2,84.4,8.7,4.7,8.0,420,18.5,82.3,11.7,3.8,7.8
"Religious workers, all other",94,71.2,83.5,6.6,9.1,7.3,74,67.6,91.1,3.7,4.5,6.7,68,67.8,90.4,1.8,4.5,11.8,67,53.7,94.2,2.7,1.8,10.0,57,64.9,94.4,2.4,2.1,8.9
Legal occupations,"1,832",54.2,82.1,9.9,5.7,10.6,"1,897",52.1,82.7,10.0,4.4,9.7,"1,861",52.6,84.1,8.5,4.9,10.9,96,70.9,85.2,6.6,7.3,2.9,64,71.5,77.7,13.4,6.2,11.7
Lawyers,"1,146",42.0,85.0,7.0,6.3,6.5,"1,189",39.5,86.1,6.8,4.4,5.7,"1,141",38.5,87.8,6.3,3.8,6.5,"1,805",53.5,84.0,8.1,4.8,10.4,"1,882",51.9,83.5,8.6,5.6,8.3
Judicial law clerks,21,–,–,–,–,–,19,–,–,–,–,–,21,–,–,–,–,–,"1,085",37.9,87.9,5.4,4.7,6.9,"1,183",37.4,86.5,6.8,5.2,5.8
"Judges, magistrates, and other judicial workers",68,46.9,68.2,26.2,1.9,17.2,76,46.5,72.3,26.2,0.0,11.2,68,56.2,81.3,12.4,6.1,3.3,24,–,–,–,–,–,21,–,–,–,–,–
Paralegals and legal assistants,428,81.3,78.6,13.6,4.1,18.9,434,83.0,76.3,15.3,5.0,16.8,445,83.2,77.9,12.3,5.7,20.2,77,58.0,71.3,22.0,2.6,10.1,78,53.9,74.4,16.6,5.7,6.2
"Title examiners, abstractors, and searchers",93,75.3,83.4,7.7,6.7,7.0,97,65.5,80.4,8.6,6.6,17.6,104,63.7,74.5,11.9,9.5,15.4,431,84.8,78.1,11.2,5.1,20.6,416,85.8,79.9,10.3,6.8,15.1
"Legal support workers, all other",75,66.0,69.6,23.1,7.1,22.5,83,56.1,80.5,15.3,3.5,18.3,80,62.1,80.2,12.8,6.1,18.8,107,72.1,82.1,9.3,6.5,5.4,101,69.0,76.4,11.5,9.2,7.8
"Education, training, and library occupations","9,587",73.4,78.7,11.1,6.5,12.6,"9,403",72.8,80.0,11.2,5.7,12.1,"9,220",73.3,80.4,11.2,5.4,11.7,80,61.9,75.0,14.5,5.3,9.4,83,62.8,73.2,17.6,2.9,10.1
Postsecondary teachers,"1,072",49.9,75.7,8.1,13.6,7.6,"1,013",46.6,78.5,8.4,10.9,7.9,"1,087",48.4,79.5,7.5,10.8,8.0,"8,946",73.7,81.5,9.9,5.6,10.8,"8,902",73.5,82.0,10.0,4.9,10.9
Preschool and kindergarten teachers,624,96.8,69.1,18.9,7.3,17.9,669,96.7,73.5,18.7,3.2,16.5,645,97.4,74.6,16.7,4.1,13.5,"1,154",51.2,76.7,7.8,13.1,7.1,"1,156",51.1,79.1,6.5,11.2,6.2
Elementary and middle school teachers,"3,632",77.7,82.5,11.0,4.2,11.6,"3,436",78.6,83.2,11.2,3.8,11.1,"3,336",79.7,82.5,11.1,3.9,11.2,613,96.8,81.0,12.7,3.6,13.4,535,98.8,82.8,12.0,2.2,15.3
Secondary school teachers,887,60.5,86.2,7.9,3.4,9.1,944,56.9,87.8,6.1,2.7,9.6,"1,000",58.7,85.8,8.6,3.7,9.8,"3,260",79.2,83.8,10.0,3.4,10.7,"3,371",79.6,84.1,10.5,2.8,10.5
Special education teachers,318,85.7,85.1,9.2,1.2,11.6,341,86.6,83.4,9.8,2.8,7.2,369,84.2,84.6,10.8,1.4,9.4,940,59.5,86.4,7.2,3.6,8.3,963,58.8,87.0,7.7,3.0,8.9
Tutors,173,66.6,71.4,9.6,12.8,12.4,141,70.4,80.6,6.7,8.1,24.3,168,69.0,77.2,9.7,9.2,14.8,362,82.8,85.1,9.6,2.7,6.4,332,81.4,87.5,7.2,1.8,8.9
Other teachers and instructors,965,63.2,76.5,12.4,6.3,13.1,973,62.5,75.3,14.2,6.4,13.0,805,60.8,76.5,15.0,4.6,12.5,168,70.5,75.6,6.0,15.6,11.7,195,67.4,75.9,12.4,7.5,16.0
"Archivists, curators, and museum technicians",77,55.6,90.2,5.7,2.3,8.8,76,63.2,76.8,7.9,8.4,9.0,70,63.4,87.6,6.3,0.8,10.0,737,65.3,79.1,13.3,4.3,11.0,687,67.5,79.1,11.6,6.2,9.7
Librarians and media collections specialists,180,89.2,84.2,6.7,4.0,13.1,146,82.5,81.2,7.0,5.5,11.1,168,82.2,86.0,4.3,5.1,8.0,62,61.4,94.4,1.6,1.6,10.6,57,63.6,94.6,0.6,4.4,7.6
Library technicians,32,–,–,–,–,–,33,–,–,–,–,–,38,–,–,–,–,–,158,79.9,86.7,7.1,3.7,3.7,176,83.2,83.1,9.5,3.5,9.9
Teaching assistants,"1,436",81.2,71.9,12.5,10.0,18.4,"1,426",79.5,73.7,12.3,9.7,16.9,"1,380",81.3,76.1,12.1,8.2,17.2,38,–,–,–,–,–,34,–,–,–,–,–
Other educational instruction and library workers,190,79.0,71.1,15.0,6.3,12.6,204,78.8,79.2,14.4,4.6,11.1,155,70.3,74.6,17.7,3.2,11.9,"1,309",81.0,76.3,12.0,7.4,16.6,"1,220",80.1,74.1,13.6,7.6,16.6
"Arts, design, entertainment, sports, and media occupations","3,483",50.8,79.7,9.3,6.5,12.5,"3,478",48.0,79.6,9.6,6.7,13.0,"3,441",48.8,82.8,8.3,5.5,12.7,145,78.9,83.4,10.7,4.3,11.3,176,73.4,86.5,7.2,4.0,12.5
Artists and related workers,318,53.8,78.9,10.3,6.0,14.3,334,51.6,79.6,6.7,8.1,11.3,324,49.2,83.9,6.1,5.7,14.5,"3,151",50.0,82.9,8.2,5.7,11.1,"3,042",51.3,82.0,8.5,5.9,11.2
Commercial and industrial designers,16,–,–,–,–,–,17,–,–,–,–,–,10,–,–,–,–,–,286,54.2,87.3,4.9,4.2,13.3,256,53.5,85.7,3.6,6.1,9.3
Fashion designers,38,–,–,–,–,–,39,–,–,–,–,–,22,–,–,–,–,–,11,–,–,–,–,–,11,–,–,–,–,–
Floral designers,45,–,–,–,–,–,63,89.1,94.6,2.7,1.1,27.6,58,90.8,90.0,5.5,1.6,21.5,33,–,–,–,–,–,34,–,–,–,–,–
Graphic designers,294,59.1,83.1,5.5,8.4,12.1,312,54.7,77.9,6.8,8.5,13.4,328,53.7,82.0,6.3,7.7,12.9,50,76.8,77.0,11.8,3.1,29.7,50,81.5,90.0,2.6,0.8,18.6
Interior designers,117,81.9,88.5,3.9,3.6,13.6,103,85.3,90.7,2.3,7.0,9.9,125,88.5,87.3,2.1,8.3,11.2,271,59.9,85.5,6.4,5.3,10.7,295,57.2,83.0,6.7,7.8,14.4
Merchandise displayers and window trimmers,40,–,–,–,–,–,28,–,–,–,–,–,29,–,–,–,–,–,123,83.8,88.8,3.0,6.6,4.1,131,84.0,79.7,6.7,10.6,7.6
Other designers,419,45.0,77.5,6.7,11.7,11.3,384,43.1,77.6,8.3,10.7,13.8,375,45.5,83.0,4.4,10.0,12.3,27,–,–,–,–,–,24,–,–,–,–,–
Actors,57,62.0,77.6,19.6,1.4,14.7,50,47.0,75.6,21.0,0.0,19.5,56,47.7,71.0,24.3,3.8,11.1,389,41.5,81.7,3.5,11.6,6.8,375,41.9,79.2,6.3,11.1,11.5
Producers and directors,175,39.7,81.1,12.5,3.2,11.3,167,43.6,80.4,12.1,5.3,11.0,185,44.2,82.9,11.6,3.2,9.3,45,–,–,–,–,–,29,–,–,–,–,–
Athletes and sports competitors,23,–,–,–,–,–,42,–,–,–,–,–,39,–,–,–,–,–,182,39.6,86.9,6.8,4.6,11.1,181,45.2,83.8,6.1,6.7,8.7
Coaches and scouts,340,48.5,76.8,13.7,3.7,13.3,288,40.9,74.7,14.6,5.6,14.4,297,46.7,85.9,8.0,3.3,13.2,37,–,–,–,–,–,28,–,–,–,–,–
"Umpires, referees, and other sports officials",33,–,–,–,–,–,25,–,–,–,–,–,32,–,–,–,–,–,235,44.3,84.4,10.9,3.5,11.7,210,44.8,75.2,14.7,3.5,5.4
Dancers and choreographers,17,–,–,–,–,–,16,–,–,–,–,–,22,–,–,–,–,–,17,–,–,–,–,–,25,–,–,–,–,–
Music directors and composers,47,–,–,–,–,–,46,–,–,–,–,–,45,–,–,–,–,–,11,–,–,–,–,–,7,–,–,–,–,–
Musicians and singers,168,29.0,81.3,7.6,3.5,6.3,170,27.1,73.6,15.9,5.0,10.9,165,25.7,78.1,13.6,6.6,8.6,52,29.8,71.8,19.2,3.5,4.8,50,30.8,83.3,10.1,2.2,14.0
"Disc jockeys, except radio",24,–,–,–,–,–,28,–,–,–,–,–,27,–,–,–,–,–,127,24.0,77.2,14.2,2.8,11.2,118,31.8,78.5,12.9,3.8,13.0
"Entertainers and performers, sports and related workers, all other",38,–,–,–,–,–,36,–,–,–,–,–,42,–,–,–,–,–,15,–,–,–,–,–,15,–,–,–,–,–
Broadcast announcers and radio disc jockeys,20,–,–,–,–,–,27,–,–,–,–,–,21,–,–,–,–,–,43,–,–,–,–,–,41,–,–,–,–,–
"News analysts, reporters, and journalists",73,48.0,62.6,16.3,17.9,10.0,65,51.3,74.9,13.2,8.8,15.8,88,48.4,79.8,13.1,3.0,8.8,18,–,–,–,–,–,28,–,–,–,–,–
Public relations specialists,114,67.8,73.4,14.2,5.0,12.7,140,76.2,80.5,11.2,3.4,7.8,120,67.0,81.4,12.2,2.4,11.9,79,55.3,76.9,12.2,8.5,3.1,77,54.0,80.1,10.9,6.7,5.3
Editors,132,72.6,84.2,8.9,5.9,8.5,125,56.6,91.2,3.5,4.6,6.5,104,66.0,91.5,2.6,3.5,3.0,122,59.1,83.7,8.9,4.5,12.1,145,59.4,83.3,11.0,3.4,13.6
Technical writers,63,59.8,78.9,9.1,6.1,8.3,49,–,–,–,–,–,53,65.1,87.6,0.0,9.5,9.2,105,66.7,88.7,4.0,4.8,3.2,99,61.1,94.5,0.7,0.8,8.5
Writers and authors,257,64.7,85.6,7.3,5.1,4.8,271,53.8,88.3,5.5,4.9,9.0,277,57.3,87.7,6.7,4.5,7.3,71,54.4,86.0,2.8,7.2,9.7,65,50.1,88.0,7.3,3.6,8.0
Interpreters and translators,92,74.8,82.5,2.4,14.1,44.8,101,74.4,77.3,5.7,12.2,42.8,94,76.9,69.3,10.3,15.5,35.8,261,63.7,81.7,11.4,4.8,3.7,242,64.9,85.1,7.9,4.3,2.4
Court reporters and simultaneous captioners,24,–,–,–,–,–,21,–,–,–,–,–,32,–,–,–,–,–,93,73.4,72.2,7.9,14.1,38.7,91,72.9,74.6,8.3,11.4,29.4
"Media and communication workers, all other",38,–,–,–,–,–,30,–,–,–,–,–,28,–,–,–,–,–,28,–,–,–,–,–,31,–,–,–,–,–
"Broadcast, sound, and lighting technicians",117,9.2,79.8,11.5,2.8,18.1,124,12.2,87.0,4.5,3.0,11.1,118,6.3,82.0,8.5,2.3,12.3,30,–,–,–,–,–,19,–,–,–,–,–
Photographers,210,43.5,84.6,3.9,5.2,13.1,228,48.5,79.4,9.2,6.3,10.4,210,47.8,83.3,8.4,3.7,15.8,87,11.2,87.7,11.7,0.4,9.6,77,8.0,83.6,10.6,5.8,20.2
"Television, video, and film camera operators and editors",133,26.1,71.4,11.5,10.3,11.8,148,18.8,72.0,12.5,6.3,16.8,111,17.3,75.8,8.9,6.2,18.8,192,49.3,82.7,6.7,5.1,14.4,186,52.1,84.9,6.7,5.6,10.0
"Media and communication equipment workers, all other",2,–,–,–,–,–,1,–,–,–,–,–,1,–,–,–,–,–,108,25.3,80.8,11.2,5.4,13.6,100,31.1,74.5,16.3,5.8,18.5
Healthcare practitioners and technical occupations,"10,475",75.8,73.5,13.3,10.2,10.7,"10,099",75.9,74.0,13.5,9.5,9.5,"9,808",75.7,74.4,12.9,9.7,9.3,1,–,–,–,–,–,2,–,–,–,–,–
Chiropractors,55,31.2,88.5,1.8,6.8,1.8,60,41.1,83.6,6.6,7.1,0.7,57,25.5,80.9,9.0,7.3,1.5,"9,639",74.3,75.6,12.0,9.5,9.4,"9,559",74.4,75.6,12.1,9.4,9.4
Dentists,169,38.8,77.6,4.7,14.4,15.4,164,39.5,77.2,4.3,14.5,8.0,140,36.6,76.9,7.7,14.0,7.1,59,24.2,87.0,2.6,9.0,7.8,66,22.2,90.7,2.4,5.1,6.1
Dietitians and nutritionists,142,92.1,76.3,14.8,2.5,13.7,114,86.3,75.9,13.0,8.2,14.5,141,88.0,74.9,18.1,3.1,9.6,167,38.7,73.1,4.5,19.6,6.0,173,28.7,78.8,1.4,16.6,5.5
Optometrists,36,–,–,–,–,–,47,–,–,–,–,–,42,–,–,–,–,–,117,89.6,83.0,13.3,3.1,14.1,106,91.4,74.7,15.5,8.2,9.9
Pharmacists,326,59.7,70.1,7.5,21.0,5.1,354,57.8,68.5,10.0,20.8,5.8,375,59.6,68.1,10.6,18.7,6.9,37,–,–,–,–,–,42,–,–,–,–,–
Emergency medicine physicians,20,–,–,–,–,–,27,–,–,–,–,–,21,–,–,–,–,–,352,57.8,70.3,7.9,19.8,6.0,327,61.6,67.9,8.3,20.0,3.4
Radiologists,26,–,–,–,–,–,19,–,–,–,–,–,26,–,–,–,–,–,24,–,–,–,–,–,17,–,–,–,–,–
Other physicians,904,44.5,67.5,7.3,23.2,6.5,903,45.5,67.4,9.0,20.2,6.7,933,43.8,67.0,8.4,22.4,7.2,26,–,–,–,–,–,25,–,–,–,–,–
Surgeons,41,–,–,–,–,–,59,20.0,75.0,5.7,18.6,2.5,48,–,–,–,–,–,921,39.7,66.1,8.1,22.9,5.8,929,40.6,67.0,8.5,22.0,8.8
Physician assistants,182,72.8,80.7,7.4,7.6,11.6,178,68.8,84.2,4.8,6.4,7.5,160,67.7,84.1,4.5,8.2,6.1,59,27.7,89.4,4.6,5.6,8.6,54,26.3,82.4,4.2,13.4,15.6
Podiatrists,8,–,–,–,–,–,11,–,–,–,–,–,13,–,–,–,–,–,165,64.4,77.1,8.6,9.8,9.2,141,65.5,79.9,6.3,12.3,7.9
Audiologists,31,–,–,–,–,–,19,–,–,–,–,–,12,–,–,–,–,–,8,–,–,–,–,–,12,–,–,–,–,–
Occupational therapists,155,87.5,84.6,6.6,2.4,3.8,155,88.6,82.5,8.0,4.8,4.8,149,85.9,86.2,5.4,8.3,6.1,17,–,–,–,–,–,20,–,–,–,–,–
Physical therapists,320,63.8,81.1,3.7,11.0,4.6,312,67.5,86.5,5.0,5.2,6.0,274,70.2,82.6,5.9,7.2,4.3,135,84.9,87.9,4.1,6.8,4.2,124,86.3,87.6,4.0,7.4,6.5
Radiation therapists,8,–,–,–,–,–,16,–,–,–,–,–,16,–,–,–,–,–,273,66.9,81.0,5.4,12.6,5.3,281,67.2,77.8,5.2,15.0,4.4
Recreational therapists,10,–,–,–,–,–,17,–,–,–,–,–,14,–,–,–,–,–,15,–,–,–,–,–,10,–,–,–,–,–
Respiratory therapists,84,82.1,76.6,10.1,9.6,11.5,92,62.4,80.2,5.6,10.4,11.3,104,60.6,79.4,12.8,6.6,12.7,18,–,–,–,–,–,21,–,–,–,–,–
Speech-language pathologists,212,95.4,90.1,5.9,2.5,8.9,185,94.3,90.0,6.4,2.6,6.9,171,97.6,93.9,4.0,0.5,2.7,117,71.4,71.1,16.6,10.6,7.4,122,72.4,75.0,18.5,2.3,7.0
Exercise physiologists,5,–,–,–,–,–,6,–,–,–,–,–,5,–,–,–,–,–,187,95.1,93.7,4.3,1.3,5.1,195,94.4,89.7,6.6,3.6,8.5
"Therapists, all other",385,80.6,77.5,14.5,4.2,14.2,303,83.9,77.4,16.2,3.7,14.1,254,79.4,80.7,14.6,2.4,14.0,6,–,–,–,–,–,6,–,–,–,–,–
Veterinarians,98,68.6,92.6,1.2,3.6,8.5,87,69.1,90.0,1.3,5.9,7.9,83,69.8,91.4,2.2,4.3,0.5,242,87.1,78.7,14.0,5.9,9.7,233,84.4,79.2,11.7,4.3,12.1
Registered nurses,"3,571",86.8,72.0,15.8,9.8,9.8,"3,472",87.4,72.6,15.6,8.9,8.9,"3,363",87.9,73.6,14.5,8.9,8.1,104,64.2,93.3,1.2,5.6,4.7,83,64.9,91.9,0.0,5.7,7.0
Nurse anesthetists,31,–,–,–,–,–,22,–,–,–,–,–,37,–,–,–,–,–,"3,201",86.7,74.9,13.3,8.6,8.8,"3,256",87.4,75.3,13.4,8.7,7.9
Nurse midwives,18,–,–,–,–,–,6,–,–,–,–,–,6,–,–,–,–,–,35,–,–,–,–,–,42,–,–,–,–,–
Nurse practitioners,288,88.1,78.1,11.7,9.5,6.8,276,89.8,77.8,13.5,7.3,5.5,263,88.7,81.9,9.9,6.2,6.7,8,–,–,–,–,–,5,–,–,–,–,–
Acupuncturists,20,–,–,–,–,–,27,–,–,–,–,–,28,–,–,–,–,–,237,87.4,85.6,7.0,3.9,5.5,218,88.0,86.2,9.1,3.2,6.3
"Healthcare diagnosing or treating practitioners, all other",16,–,–,–,–,–,13,–,–,–,–,–,15,–,–,–,–,–,24,–,–,–,–,–,23,–,–,–,–,–
Clinical laboratory technologists and technicians,338,72.4,70.8,12.9,13.3,18.4,302,76.3,66.3,14.3,15.0,11.8,333,75.2,69.0,12.0,14.9,13.5,13,–,–,–,–,–,15,–,–,–,–,–
Dental hygienists,214,93.9,83.7,6.4,8.1,11.0,206,95.7,88.6,4.0,5.6,11.8,217,96.3,91.4,2.5,5.6,12.7,369,68.8,70.3,17.4,9.2,15.6,331,70.4,72.4,13.7,9.5,19.0
Cardiovascular technologists and technicians,61,63.4,73.4,12.8,8.7,15.9,48,–,–,–,–,–,46,–,–,–,–,–,207,95.1,89.9,3.3,5.3,10.7,190,93.9,88.9,2.1,7.7,10.5
Diagnostic medical sonographers,104,80.4,77.7,9.0,10.1,20.2,105,76.1,76.9,6.1,15.0,11.6,93,75.0,79.9,4.8,14.7,10.9,61,64.2,72.6,12.3,7.4,12.7,50,71.9,73.9,16.2,6.7,12.3
Radiologic technologists and technicians,254,69.5,78.9,10.8,7.5,12.7,259,70.3,82.5,8.0,6.8,12.6,223,71.4,80.0,11.2,5.9,10.5,88,85.5,83.6,3.4,9.0,6.6,90,84.0,79.3,9.3,5.5,5.1
Magnetic resonance imaging technologists,55,67.4,83.6,3.7,10.9,14.9,46,–,–,–,–,–,52,64.6,69.7,14.2,12.1,9.3,226,72.4,85.2,8.7,5.0,13.4,254,67.8,85.6,6.5,5.4,11.2
Nuclear medicine technologists and medical dosimetrists,48,–,–,–,–,–,42,–,–,–,–,–,28,–,–,–,–,–,47,–,–,–,–,–,57,58.8,74.2,16.3,8.6,6.7
Emergency medical technicians,173,41.0,86.1,7.8,2.2,16.5,156,39.4,84.0,9.2,4.0,16.6,139,38.3,82.4,9.1,5.3,15.6,39,–,–,–,–,–,35,–,–,–,–,–
Paramedics,95,25.3,79.3,8.5,7.9,13.8,107,29.5,83.8,8.5,5.4,7.6,107,23.6,90.9,1.6,6.7,9.0,145,35.8,80.8,9.5,4.5,14.3,141,33.7,82.4,11.9,4.0,11.4
Pharmacy technicians,354,78.9,65.3,18.4,12.6,16.2,330,79.3,70.3,14.8,9.3,17.6,355,82.4,66.1,19.0,10.1,17.3,96,31.1,94.7,3.4,1.7,8.0,78,28.1,93.2,3.9,2.8,8.5
Psychiatric technicians,138,73.7,59.1,31.2,3.1,17.5,113,69.5,59.2,33.0,4.2,22.6,91,78.9,61.0,31.6,4.2,19.8,342,78.4,69.9,18.3,8.6,17.2,336,77.2,72.8,15.0,7.2,17.6
Surgical technologists,117,69.9,74.0,16.9,8.4,14.4,110,76.9,72.0,22.0,2.8,12.1,93,83.3,70.2,22.6,2.1,13.1,73,73.5,60.9,26.0,1.1,10.2,67,82.2,67.6,24.2,1.4,12.1
Veterinary technologists and technicians,145,86.2,87.5,4.7,3.8,12.1,142,89.9,89.8,5.7,2.5,10.2,148,88.4,92.3,1.1,2.0,11.5,113,77.8,74.1,19.1,3.5,14.4,108,71.3,80.9,14.9,2.5,17.3
Dietetic technicians and ophthalmic medical technicians,83,70.9,67.3,20.1,5.1,10.1,70,73.7,65.0,26.3,1.9,6.5,68,77.9,66.5,23.2,3.1,11.8,129,89.8,88.5,3.6,2.3,15.3,105,88.1,91.8,3.2,1.2,9.8
Licensed practical and licensed vocational nurses,565,89.6,58.3,30.4,7.2,15.9,584,88.7,59.2,31.8,5.8,12.6,588,88.9,63.3,29.1,4.9,12.3,66,82.6,70.9,25.1,3.2,11.6,66,73.5,68.5,27.6,2.1,5.3
Medical records specialists,227,92.0,74.1,14.9,5.0,12.2,211,88.9,75.0,14.4,6.2,12.2,193,88.2,74.8,14.9,5.5,10.9,533,91.3,66.5,27.6,2.7,13.7,596,90.0,68.0,25.6,2.9,15.3
"Opticians, dispensing",49,–,–,–,–,–,49,–,–,–,–,–,46,–,–,–,–,–,207,88.8,76.0,13.7,6.4,9.1,183,95.9,76.8,16.1,1.7,13.2
Miscellaneous health technologists and technicians,151,69.2,63.1,22.4,8.6,10.4,146,72.7,65.7,18.9,7.9,10.0,146,65.8,63.8,22.1,8.9,17.2,50,74.2,84.8,6.9,3.5,28.3,40,–,–,–,–,–
Other healthcare practitioners and technical occupations,143,66.6,75.6,12.0,9.6,7.0,130,66.7,74.5,13.8,9.0,10.6,91,66.8,77.1,8.2,6.2,11.3,177,64.3,65.9,20.7,10.5,16.1,185,61.7,57.8,24.8,15.3,13.5
,,,,,,,,,,,,,,,,,,,105,73.2,86.7,7.4,3.5,6.2,100,62.8,68.9,17.3,10.8,3.5
Service occupations,"26,452",57.5,71.2,17.6,6.1,28.0,"26,171",57.2,71.7,17.0,6.3,27.3,"25,438",57.0,72.3,16.8,6.1,26.3,,,,,,,,,,,,
Healthcare support occupations,"5,456",84.6,61.1,26.9,7.1,21.9,"5,123",84.3,62.7,25.0,7.6,21.2,"4,930",84.6,62.6,25.8,7.4,21.3,"24,403",57.7,72.8,16.5,5.9,25.7,"22,853",57.0,72.9,17.0,5.6,25.0
Home health aides,656,88.7,51.5,31.7,11.6,28.7,585,87.2,53.3,29.8,14.0,24.9,617,86.7,52.5,32.5,11.1,28.9,"4,887",85.1,64.5,24.5,6.8,20.9,"4,790",85.3,64.1,25.3,6.2,20.2
Personal care aides,"1,667",81.0,58.7,28.5,7.5,22.1,"1,521",79.8,61.8,25.3,7.9,21.7,"1,407",80.2,60.8,26.2,8.0,21.0,570,87.0,56.3,32.0,8.9,25.9,571,90.3,55.3,37.4,5.0,25.4
Nursing assistants,"1,369",88.6,54.4,35.6,5.3,15.7,"1,261",90.1,51.8,38.1,6.5,15.0,"1,236",90.0,55.4,36.0,5.6,15.3,"1,411",80.4,61.6,24.9,8.5,21.5,"1,282",81.5,62.6,22.2,9.4,21.4
Orderlies and psychiatric aides,66,59.0,65.7,29.1,4.6,16.4,67,53.5,59.6,33.0,5.4,22.1,59,51.8,56.7,30.0,3.7,18.6,"1,248",88.9,58.3,33.2,4.8,14.8,"1,364",89.3,57.0,35.2,4.7,13.7
Occupational therapy assistants and aides,24,–,–,–,–,–,30,–,–,–,–,–,25,–,–,–,–,–,55,52.9,60.2,32.3,2.7,16.9,55,57.5,51.4,37.2,1.2,8.7
Physical therapist assistants and aides,99,63.9,86.6,3.6,6.0,12.2,106,68.7,86.0,4.3,1.3,8.0,77,71.7,84.2,5.7,4.7,7.6,41,–,–,–,–,–,37,–,–,–,–,–
Massage therapists,171,84.4,80.9,5.9,9.7,10.3,145,83.7,82.3,8.0,6.5,12.4,149,80.4,71.2,8.5,12.2,11.1,74,70.7,80.6,9.5,4.7,8.6,78,71.7,88.6,6.6,3.7,5.8
Dental assistants,293,91.8,76.4,9.4,7.6,30.5,288,92.8,82.6,8.4,4.9,32.1,327,94.1,77.5,9.8,9.0,28.3,166,83.5,68.0,11.7,10.8,12.4,151,80.6,73.7,10.5,10.0,11.0
Medical assistants,630,90.7,71.6,21.0,4.7,31.9,593,88.8,74.7,15.0,5.2,31.8,541,89.2,75.7,15.7,5.6,32.9,323,92.0,79.7,6.9,8.2,30.4,288,93.7,85.8,5.5,4.3,31.7
Medical transcriptionists,45,–,–,–,–,–,41,–,–,–,–,–,38,–,–,–,–,–,561,91.1,74.7,18.0,5.0,29.8,561,90.2,72.9,17.4,4.0,27.9
Pharmacy aides,36,–,–,–,–,–,32,–,–,–,–,–,45,–,–,–,–,–,45,–,–,–,–,–,46,–,–,–,–,–
Veterinary assistants and laboratory animal caretakers,62,80.4,88.3,6.4,1.5,27.3,77,79.6,85.7,3.7,1.3,22.9,67,86.4,78.6,12.4,4.0,23.6,35,–,–,–,–,–,48,–,–,–,–,–
Phlebotomists,110,90.4,58.9,30.6,3.3,18.7,139,90.3,61.3,20.2,9.7,19.9,114,87.9,59.0,22.0,7.9,20.2,78,84.1,89.0,4.1,2.4,13.8,60,75.8,80.3,2.6,1.8,26.7
Other healthcare support workers,227,67.5,60.8,23.4,10.0,13.9,237,72.1,65.8,22.3,7.1,17.8,228,70.1,67.9,23.8,5.3,15.2,114,90.6,68.1,22.3,5.3,25.1,101,84.8,66.0,27.6,2.8,19.0
Protective service occupations,"3,110",25.2,70.5,21.5,3.2,17.6,"3,105",24.1,70.2,22.3,3.2,16.1,"3,057",23.2,71.7,20.9,2.9,14.7,164,75.7,64.7,26.6,3.8,17.0,147,61.1,65.5,23.6,7.1,23.6
First-line supervisors of correctional officers,43,–,–,–,–,–,61,35.9,76.4,21.0,1.2,19.6,47,–,–,–,–,–,"2,987",23.8,72.5,20.3,2.7,14.9,"3,024",23.6,74.5,19.4,2.5,15.9
First-line supervisors of police and detectives,108,12.8,78.3,16.3,0.3,17.6,103,10.5,86.4,12.0,0.3,10.7,91,15.7,88.0,4.9,0.4,18.6,38,–,–,–,–,–,51,27.7,63.6,30.6,2.0,11.1
First-line supervisors of firefighting and prevention workers,52,6.4,83.7,11.0,0.0,3.8,50,6.1,89.1,5.0,3.9,4.8,63,9.4,92.0,8.0,0.0,9.7,92,15.8,82.1,13.4,0.7,8.9,100,12.7,89.2,7.5,2.3,14.0
First-line supervisors of security workers,70,29.0,62.6,28.0,2.1,10.6,71,22.5,61.1,31.6,2.9,12.0,74,21.1,69.2,24.5,2.1,11.7,44,–,–,–,–,–,33,–,–,–,–,–
"First-line supervisors of protective service workers, all other",2,–,–,–,–,–,4,–,–,–,–,–,3,–,–,–,–,–,75,21.5,68.5,22.9,3.7,15.0,68,32.1,70.5,20.9,3.9,11.6
Firefighters,298,6.2,83.2,9.8,3.4,15.4,296,3.9,88.0,8.0,1.3,16.7,307,6.2,85.5,9.9,1.5,15.2,5,–,–,–,–,–,7,–,–,–,–,–
Fire inspectors,21,–,–,–,–,–,23,–,–,–,–,–,35,–,–,–,–,–,294,5.1,84.3,8.9,2.6,11.0,335,4.4,85.0,8.4,1.2,13.1
Bailiffs,21,–,–,–,–,–,17,–,–,–,–,–,23,–,–,–,–,–,30,–,–,–,–,–,27,–,–,–,–,–
Correctional officers and jailers,319,32.5,66.8,27.1,1.8,15.8,300,33.9,64.5,27.1,3.5,12.8,285,29.9,63.7,27.3,4.2,12.8,21,–,–,–,–,–,18,–,–,–,–,–
Detectives and criminal investigators,151,32.9,80.6,10.7,1.7,9.8,145,26.3,77.3,16.7,2.3,9.7,142,27.6,80.2,12.4,3.2,10.5,297,30.4,67.1,26.7,2.2,14.2,346,31.7,60.9,32.9,2.7,12.8
Fish and game wardens,8,–,–,–,–,–,6,–,–,–,–,–,8,–,–,–,–,–,130,27.3,77.7,18.1,3.6,12.3,159,26.4,82.8,13.9,0.7,17.0
Parking enforcement workers,5,–,–,–,–,–,7,–,–,–,–,–,7,–,–,–,–,–,6,–,–,–,–,–,4,–,–,–,–,–
Police officers,678,14.2,79.4,14.4,3.2,19.6,702,14.4,81.4,14.2,2.8,16.7,746,12.7,78.3,16.7,2.5,13.1,15,–,–,–,–,–,12,–,–,–,–,–
Animal control workers,2,–,–,–,–,–,10,–,–,–,–,–,9,–,–,–,–,–,753,15.3,83.3,11.5,1.6,14.6,758,17.1,85.0,10.9,1.9,14.7
Private detectives and investigators,126,42.9,71.9,21.8,2.7,12.1,123,43.0,73.5,19.2,3.1,10.4,105,38.5,83.4,11.0,2.1,13.9,6,–,–,–,–,–,8,–,–,–,–,–
Security guards and gambling surveillance officers,894,27.0,54.5,34.9,4.8,20.3,925,24.9,53.0,36.1,4.4,20.2,835,24.3,54.9,34.5,4.5,16.6,95,42.3,77.1,15.5,2.1,16.4,90,45.4,71.6,21.9,3.8,16.2
Crossing guards and flaggers,56,45.5,75.9,16.1,5.8,21.5,51,55.8,74.0,20.0,4.2,10.7,48,–,–,–,–,–,844,26.8,57.5,33.3,3.8,18.4,800,25.0,61.0,31.1,3.9,19.6
Transportation security screeners,40,–,–,–,–,–,47,–,–,–,–,–,37,–,–,–,–,–,51,52.6,70.4,23.4,3.7,6.9,46,–,–,–,–,–
School bus monitors,30,–,–,–,–,–,26,–,–,–,–,–,45,–,–,–,–,–,46,–,–,–,–,–,42,–,–,–,–,–
Other protective service workers,185,50.3,82.3,5.9,2.9,17.9,137,45.7,78.1,8.7,3.9,13.1,147,48.9,89.6,2.0,0.4,16.6,28,–,–,–,–,–,17,–,–,–,–,–
Food preparation and serving related occupations,"8,061",54.3,73.4,14.0,6.6,30.7,"8,189",53.9,73.4,13.5,6.9,29.6,"7,907",53.3,73.2,13.9,6.7,28.1,117,38.0,83.7,3.9,3.3,9.8,102,47.8,85.7,2.9,2.3,16.6
Chefs and head cooks,515,21.6,57.2,17.7,18.3,25.1,476,23.3,58.8,18.9,18.5,20.7,465,26.9,63.3,15.8,15.7,22.7,"7,370",54.6,74.6,13.4,6.3,27.8,"6,556",54.4,74.8,13.9,6.4,27.3
First-line supervisors of food preparation and serving workers,486,56.8,76.1,16.2,3.5,21.2,542,53.5,75.6,17.0,3.3,22.8,491,54.5,74.3,18.0,4.2,22.9,402,22.8,63.0,14.8,19.9,23.0,383,18.0,65.2,14.7,16.7,24.4
Cooks,"2,005",42.5,71.3,16.4,6.2,41.0,"2,016",39.8,69.1,17.2,7.0,39.6,"2,012",38.4,69.4,17.7,5.9,36.1,480,61.2,71.6,19.9,4.2,21.2,466,59.4,76.2,16.4,3.7,22.6
Food preparation workers,895,58.5,73.7,15.0,5.9,33.2,933,58.7,71.1,15.5,4.9,29.8,932,55.1,72.1,15.2,5.9,30.3,"1,905",40.2,72.9,15.8,6.0,35.9,"1,763",42.1,74.3,16.0,5.4,36.0
Bartenders,450,54.3,83.9,8.2,2.0,21.5,408,50.8,85.9,7.3,3.1,22.3,457,59.0,82.0,7.7,2.0,21.1,872,58.3,74.2,14.0,5.6,29.3,808,58.1,74.5,13.6,6.8,29.2
Fast food and counter workers,831,66.6,74.7,13.9,5.2,22.8,885,66.3,77.6,10.0,5.2,24.6,784,64.2,70.7,12.7,7.7,21.4,362,57.4,85.8,4.9,2.0,19.9,301,48.9,87.3,5.2,2.1,16.7
Waiters and waitresses,"1,786",67.8,76.6,9.5,7.4,27.5,"1,805",68.8,75.5,9.9,8.5,26.4,"1,762",68.2,77.9,9.7,8.3,24.5,775,65.7,75.2,13.0,5.7,23.3,655,67.0,72.2,16.6,5.0,22.6
"Food servers, nonrestaurant",221,67.4,70.9,18.2,7.5,27.7,215,69.2,69.7,18.9,6.9,24.9,200,71.9,69.9,21.9,6.8,23.5,"1,631",68.2,78.4,8.9,6.6,24.7,"1,388",70.0,75.8,11.3,7.2,22.1
Dining room and cafeteria attendants and bartender helpers,274,43.8,75.4,15.0,3.7,35.2,303,43.3,81.3,9.7,4.6,32.6,269,45.4,76.0,10.0,4.7,35.0,172,73.9,66.6,22.1,5.1,16.7,157,77.1,68.6,18.8,7.7,22.0
Dishwashers,277,26.9,69.5,18.3,4.8,42.5,268,23.1,73.1,14.5,4.0,37.9,235,20.2,70.9,18.9,3.3,32.8,243,46.8,76.6,14.0,4.1,33.0,231,49.7,73.1,15.3,8.2,27.3
"Hosts and hostesses, restaurant, lounge, and coffee shop",310,82.3,76.3,12.5,5.8,22.9,327,86.5,80.6,8.2,5.1,25.9,293,84.0,81.8,7.2,5.2,27.4,243,23.5,72.0,17.3,2.7,34.6,184,19.2,77.2,12.7,4.4,37.6
"Food preparation and serving related workers, all other",10,–,–,–,–,–,9,–,–,–,–,–,9,–,–,–,–,–,282,84.3,77.1,9.7,5.8,22.4,218,81.9,81.3,9.4,3.5,21.7
Building and grounds cleaning and maintenance occupations,"5,770",40.7,78.6,14.1,2.8,41.6,"5,534",42.1,78.1,14.3,2.7,41.6,"5,576",42.0,78.7,14.0,3.1,40.4,2,–,–,–,–,–,3,–,–,–,–,–
First-line supervisors of housekeeping and janitorial workers,366,45.9,76.8,17.2,3.0,27.3,321,44.1,77.2,17.3,2.1,31.8,314,42.5,76.8,18.6,2.4,28.4,"5,482",41.7,78.0,14.2,3.4,38.3,"5,084",40.3,78.2,14.2,3.1,37.9
"First-line supervisors of landscaping, lawn service, and groundskeeping workers",284,7.1,87.0,7.1,1.7,34.3,283,8.0,84.7,12.0,1.4,30.4,281,8.2,83.4,11.9,1.1,29.1,338,38.9,81.2,13.1,3.4,30.0,321,42.5,79.6,13.4,3.2,30.9
Janitors and building cleaners,"2,304",35.9,75.6,16.7,3.0,35.7,"2,204",38.7,76.2,16.7,2.6,35.1,"2,183",40.2,75.4,17.4,3.2,34.6,233,10.3,88.6,6.6,1.0,27.0,253,6.0,84.9,7.8,3.2,25.1
Maids and housekeeping cleaners,"1,413",87.7,76.3,15.2,4.6,52.5,"1,380",88.4,74.0,16.1,4.3,51.9,"1,364",88.1,75.6,15.7,4.3,51.0,"2,113",39.7,73.8,18.1,3.5,31.5,"2,043",38.6,74.7,17.0,3.9,33.6
Pest control workers,100,8.7,81.1,13.2,0.0,22.0,90,5.1,84.7,9.2,1.7,21.6,100,6.0,87.3,7.7,3.6,23.5,"1,357",88.7,74.9,15.2,5.2,48.2,"1,163",88.3,73.7,17.3,4.1,46.1
Landscaping and groundskeeping workers,"1,193",6.2,84.6,9.7,0.9,48.1,"1,119",7.3,84.0,8.6,1.7,49.6,"1,213",7.2,85.2,7.1,2.3,46.5,119,5.0,81.5,10.0,2.5,19.5,112,2.5,85.3,6.2,0.5,30.9
Tree trimmers and pruners,89,1.8,89.0,2.7,2.1,43.3,118,3.0,85.3,5.5,1.6,36.7,104,7.2,96.0,1.7,0.0,35.6,"1,211",6.2,84.9,9.2,1.8,47.1,"1,066",6.5,85.6,9.0,1.0,44.5
Other grounds maintenance workers,22,–,–,–,–,–,19,–,–,–,–,–,18,–,–,–,–,–,98,2.2,86.3,9.0,1.3,19.9,109,7.0,88.0,7.7,0.1,21.6
Personal care and service occupations,"4,055",76.1,70.5,14.3,10.6,19.4,"4,220",74.8,71.9,13.5,10.5,19.8,"3,968",77.1,73.8,12.2,9.9,18.3,13,–,–,–,–,–,17,–,–,–,–,–
Supervisors of personal care and service workers,242,67.7,64.8,14.0,17.6,14.5,253,65.8,65.3,10.6,20.5,11.2,232,77.8,68.7,13.8,14.2,12.0,"3,676",78.7,73.0,12.5,10.1,18.0,"3,399",77.0,72.8,13.2,10.1,16.1
Animal trainers,63,82.3,81.6,8.2,3.0,13.8,82,69.1,86.9,4.1,0.0,22.0,66,67.6,93.5,0.0,2.0,5.4,250,74.6,67.8,16.4,11.3,11.2,237,71.7,68.7,10.3,16.2,13.9
Animal caretakers,334,73.7,83.8,8.8,2.8,12.3,361,76.0,87.8,6.0,1.3,16.5,305,76.9,88.1,3.6,3.3,12.8,54,68.3,89.8,8.0,0.0,6.9,72,52.6,88.5,7.5,0.0,12.7
Gambling services workers,93,42.5,56.0,11.5,22.5,11.8,90,40.2,52.5,22.4,16.3,14.1,74,41.5,66.1,8.3,20.6,7.8,272,81.6,85.8,4.7,4.6,13.3,272,76.5,90.0,4.7,1.7,13.9
"Ushers, lobby attendants, and ticket takers",40,–,–,–,–,–,34,–,–,–,–,–,39,–,–,–,–,–,66,50.8,55.8,9.7,29.1,12.4,64,50.6,49.2,14.5,25.3,15.5
Other entertainment attendants and related workers,201,43.5,76.6,12.9,4.1,17.0,231,42.9,76.7,14.0,6.4,14.8,237,46.2,79.5,10.3,4.5,19.5,29,–,–,–,–,–,22,–,–,–,–,–
"Embalmers, crematory operators, and funeral attendants",19,–,–,–,–,–,21,–,–,–,–,–,28,–,–,–,–,–,192,45.6,79.2,10.3,4.1,13.7,144,37.1,78.8,10.0,6.2,12.6
"Morticians, undertakers, and funeral arrangers",33,–,–,–,–,–,45,–,–,–,–,–,36,–,–,–,–,–,14,–,–,–,–,–,14,–,–,–,–,–
Barbers,144,21.1,62.2,32.1,4.5,36.6,149,28.4,61.5,31.1,4.6,39.3,123,24.8,58.4,27.1,9.8,40.4,30,–,–,–,–,–,19,–,–,–,–,–
"Hairdressers, hairstylists, and cosmetologists",726,91.3,76.7,13.7,5.1,21.1,717,92.1,77.0,13.2,6.8,18.0,720,93.1,78.6,13.7,6.0,18.8,103,24.7,68.0,22.5,5.2,40.5,102,25.6,64.9,28.2,4.1,31.2
Manicurists and pedicurists,309,85.9,22.8,9.3,64.9,13.4,324,83.5,23.8,6.4,64.8,13.7,295,85.1,24.5,7.6,65.4,15.2,713,92.4,79.0,12.8,6.1,17.7,646,90.8,77.5,14.4,5.1,14.6
Skincare specialists,103,95.2,82.6,7.6,5.4,21.1,102,99.0,72.7,17.7,3.4,25.6,96,98.7,78.8,4.4,7.5,21.5,247,83.0,19.6,4.8,73.1,12.2,214,79.3,14.2,6.9,76.7,7.3
Other personal appearance workers,35,–,–,–,–,–,21,–,–,–,–,–,30,–,–,–,–,–,90,98.2,73.2,8.8,8.4,13.8,72,93.9,72.9,4.7,15.9,22.2
"Baggage porters, bellhops, and concierges",81,29.9,52.7,37.6,6.6,24.3,78,29.1,65.5,20.2,11.0,34.7,78,35.7,71.7,20.0,6.9,16.1,26,–,–,–,–,–,19,–,–,–,–,–
Tour and travel guides,57,38.7,89.6,1.7,3.9,13.0,55,48.2,85.4,3.6,8.0,9.1,58,47.9,84.9,6.3,4.1,5.9,84,28.0,62.4,17.4,9.6,20.7,60,32.5,61.1,24.6,8.6,33.7
Childcare workers,984,94.4,73.6,15.9,5.8,24.9,"1,036",93.8,76.5,15.8,3.8,25.9,"1,007",94.3,77.6,13.5,3.7,23.9,42,–,–,–,–,–,47,–,–,–,–,–
Exercise trainers and group fitness instructors,242,60.2,83.1,9.2,3.6,20.0,257,56.7,78.9,10.9,6.2,16.8,234,62.9,81.8,11.1,3.5,12.8,974,94.6,77.6,14.0,4.4,24.4,928,94.8,76.6,16.1,3.8,21.6
Recreation workers,156,68.6,73.3,16.5,3.6,12.1,182,58.9,74.9,17.7,2.5,12.9,158,61.2,79.5,15.1,1.8,11.8,223,62.2,79.7,11.9,2.8,16.9,202,67.1,83.0,11.9,2.1,10.1
Residential advisors,47,–,–,–,–,–,40,–,–,–,–,–,28,–,–,–,–,–,139,68.7,76.0,18.0,2.2,11.8,131,63.8,79.8,12.6,2.4,10.4
"Personal care and service workers, all other",146,67.3,75.2,13.8,5.6,15.1,143,60.7,79.2,8.3,7.8,20.9,122,64.7,85.1,7.6,4.0,19.9,26,–,–,–,–,–,33,–,–,–,–,–
,,,,,,,,,,,,,,,,,,,101,72.0,78.7,14.7,3.0,20.4,102,71.9,71.6,15.8,6.9,10.4
Sales and office occupations,"29,885",60.4,77.3,13.0,5.7,18.3,"30,279",60.6,77.3,13.5,5.5,17.6,"30,412",61.3,77.7,13.1,5.4,17.8,,,,,,,,,,,,
Sales and related occupations,"14,090",47.9,79.0,10.8,6.3,17.7,"14,325",48.7,78.8,11.7,6.1,16.6,"14,316",49.4,79.6,11.0,5.7,17.4,"30,166",61.5,77.9,13.2,5.1,17.2,"29,726",61.3,78.7,12.5,5.1,17.3
First-line supervisors of retail sales workers,"3,001",44.4,79.0,9.6,7.7,15.3,"3,157",44.6,78.6,11.1,6.8,14.2,"3,081",45.2,78.5,10.8,6.7,15.9,"14,369",49.8,79.7,11.2,5.4,16.7,"14,168",48.7,80.2,10.6,5.5,17.1
First-line supervisors of non-retail sales workers,"1,141",35.7,81.8,8.5,6.6,15.7,"1,268",35.9,83.8,8.3,6.2,16.4,"1,203",35.2,82.5,7.7,6.5,15.5,"3,058",47.0,79.5,10.3,6.2,15.1,"3,067",44.7,80.3,9.4,6.3,15.3
Cashiers,"2,569",68.9,70.3,16.1,7.9,23.6,"2,576",69.8,69.9,16.3,8.1,22.7,"2,712",71.8,71.9,16.2,6.6,24.4,"1,184",32.9,83.8,7.2,5.5,12.2,"1,176",31.7,84.7,6.7,6.8,14.2
Counter and rental clerks,62,48.0,71.7,13.7,9.5,13.1,79,38.7,73.0,17.8,7.0,22.5,83,40.8,88.1,8.0,1.6,23.8,"2,601",72.5,71.1,17.0,6.9,22.9,"2,552",73.1,71.1,17.1,6.3,25.5
Parts salespersons,123,24.5,90.7,4.3,2.1,15.6,117,22.9,91.7,5.4,1.2,16.2,108,16.9,93.9,3.0,0.5,19.7,81,49.0,78.0,11.4,6.7,28.6,69,35.7,82.2,10.8,1.5,13.9
Retail salespersons,"2,734",47.5,79.9,11.1,4.9,21.1,"2,721",49.2,77.6,13.4,5.2,19.6,"2,582",49.4,79.6,12.1,4.6,18.8,124,19.1,90.2,6.8,0.7,17.2,119,16.0,89.2,8.2,1.1,11.6
Advertising sales agents,124,54.0,89.5,3.3,4.4,12.4,111,52.7,89.6,7.3,2.7,8.4,130,52.1,85.6,7.8,5.4,9.9,"2,750",48.5,78.3,13.0,4.8,20.8,"2,751",47.5,78.7,12.2,4.5,18.5
Insurance sales agents,589,51.1,79.0,13.5,4.6,18.3,632,54.9,80.6,13.3,4.1,18.2,614,49.2,78.2,13.5,4.3,16.8,104,49.3,86.0,9.9,3.6,15.5,141,53.8,89.6,5.5,2.4,16.4
"Securities, commodities, and financial services sales agents",242,28.1,75.3,11.0,12.7,11.6,249,24.6,80.7,8.6,9.0,11.8,226,30.3,83.8,6.5,9.1,9.3,600,50.0,81.5,11.8,4.1,16.5,641,50.1,79.9,10.8,5.7,14.0
Travel agents,87,87.2,75.5,8.8,6.1,12.3,77,79.7,85.3,9.2,5.5,16.0,71,81.9,78.1,14.7,6.7,6.9,243,29.3,79.9,6.6,11.7,10.2,242,22.8,85.2,4.3,9.0,8.2
"Sales representatives of services, except advertising, insurance, financial services, and travel",701,31.5,82.4,7.8,5.3,13.1,638,31.6,82.7,10.7,4.1,10.1,615,29.0,86.3,6.2,4.5,10.8,56,71.4,86.8,6.9,4.7,11.5,51,79.5,85.0,7.3,7.3,5.4
"Sales representatives, wholesale and manufacturing","1,116",25.1,87.8,6.2,3.8,14.2,"1,152",27.9,87.8,6.0,4.1,11.0,"1,155",28.7,87.5,6.3,4.3,13.5,565,29.9,85.3,6.8,5.0,11.6,563,34.0,85.4,7.7,4.9,12.1
"Models, demonstrators, and product promoters",52,77.1,64.1,12.4,6.6,33.6,33,–,–,–,–,–,23,–,–,–,–,–,"1,216",30.1,88.1,6.2,3.3,12.0,"1,217",30.5,88.8,4.5,4.2,13.6
Real estate brokers and sales agents,"1,016",56.7,82.3,9.7,6.0,12.7,"1,031",57.0,81.4,8.8,6.6,11.2,"1,182",56.9,82.4,8.4,5.7,13.5,30,–,–,–,–,–,28,–,–,–,–,–
Sales engineers,47,–,–,–,–,–,41,–,–,–,–,–,51,8.1,85.2,0.2,13.1,5.4,"1,170",59.7,84.8,8.3,4.4,12.1,"1,037",57.5,84.9,7.9,5.0,14.5
Telemarketers,22,–,–,–,–,–,31,–,–,–,–,–,39,–,–,–,–,–,41,–,–,–,–,–,35,–,–,–,–,–
"Door-to-door sales workers, news and street vendors, and related workers",62,45.4,80.0,17.5,1.4,25.4,73,54.3,71.4,15.4,2.7,24.3,73,57.4,87.0,5.9,2.0,26.0,33,–,–,–,–,–,48,–,–,–,–,–
"Sales and related workers, all other",402,52.8,80.3,11.6,4.8,16.9,339,56.1,81.0,12.0,5.1,17.4,369,59.2,81.5,10.2,4.8,18.7,104,72.6,89.0,6.2,2.9,19.4,114,62.4,81.9,13.3,1.5,22.4
Office and administrative support occupations,"15,795",71.6,75.8,15.0,5.2,18.7,"15,954",71.2,75.9,15.1,5.0,18.5,"16,096",71.9,76.0,15.0,5.1,18.2,410,53.5,78.5,12.2,5.0,13.8,317,52.2,79.6,12.6,4.4,13.8
First-line supervisors of office and administrative support workers,"1,186",68.2,81.1,10.8,4.2,15.2,"1,154",65.8,80.6,12.5,3.5,16.6,"1,199",67.9,80.5,12.3,3.9,15.5,"15,797",72.2,76.2,15.0,4.8,17.7,"15,558",72.7,77.4,14.3,4.7,17.4
"Switchboard operators, including answering service",12,–,–,–,–,–,18,–,–,–,–,–,16,–,–,–,–,–,"1,217",71.3,80.6,12.0,3.9,14.0,"1,273",69.2,80.6,12.8,3.9,13.6
Telephone operators,16,–,–,–,–,–,17,–,–,–,–,–,26,–,–,–,–,–,8,–,–,–,–,–,12,–,–,–,–,–
"Communications equipment operators, all other",7,–,–,–,–,–,1,–,–,–,–,–,5,–,–,–,–,–,23,–,–,–,–,–,23,–,–,–,–,–
Bill and account collectors,113,74.8,64.9,30.2,2.4,19.1,87,71.2,66.1,25.8,5.5,15.0,103,68.8,75.0,20.6,3.6,9.3,5,–,–,–,–,–,8,–,–,–,–,–
Billing and posting clerks,392,86.6,77.1,15.5,3.9,17.6,436,91.4,79.0,14.8,3.8,16.5,463,87.6,77.0,14.8,4.4,17.3,97,72.1,72.5,21.6,2.8,17.2,98,66.0,72.1,23.9,2.1,15.8
"Bookkeeping, accounting, and auditing clerks","1,197",85.1,82.1,8.6,6.2,13.8,"1,210",86.2,83.9,7.2,5.8,15.9,"1,132",85.0,82.5,8.7,5.7,14.9,483,86.7,76.7,16.9,3.8,17.6,434,89.1,74.7,15.5,4.8,15.3
Gambling cage workers,20,–,–,–,–,–,29,–,–,–,–,–,23,–,–,–,–,–,"1,097",84.7,85.3,6.6,5.4,13.1,"1,179",87.3,86.5,7.7,4.0,14.2
Payroll and timekeeping clerks,130,91.2,79.2,12.0,6.0,18.0,132,88.2,76.7,12.3,8.2,19.4,126,92.4,80.0,11.2,5.0,24.6,15,–,–,–,–,–,13,–,–,–,–,–
Procurement clerks,48,–,–,–,–,–,46,–,–,–,–,–,30,–,–,–,–,–,153,86.7,68.9,14.8,6.9,18.7,146,86.9,81.6,10.2,3.4,12.4
Tellers,231,80.9,73.6,15.2,5.7,17.7,204,78.9,75.3,15.4,4.3,16.2,218,83.1,79.8,9.4,6.2,21.3,29,–,–,–,–,–,34,–,–,–,–,–
"Financial clerks, all other",148,60.9,73.0,12.4,10.7,19.8,128,57.7,73.7,14.7,11.2,11.9,128,52.0,76.8,13.2,7.0,14.8,215,76.1,75.6,16.6,3.5,20.7,279,80.4,82.5,12.2,3.7,17.7
Brokerage clerks,8,–,–,–,–,–,6,–,–,–,–,–,8,–,–,–,–,–,92,58.3,75.1,10.1,8.6,10.2,103,66.1,80.8,8.2,7.3,13.1
Correspondence clerks,7,–,–,–,–,–,4,–,–,–,–,–,3,–,–,–,–,–,9,–,–,–,–,–,6,–,–,–,–,–
"Court, municipal, and license clerks",74,81.4,75.1,20.2,0.5,22.1,82,71.9,77.6,18.5,1.9,10.9,84,83.8,71.3,24.8,0.4,13.7,7,–,–,–,–,–,4,–,–,–,–,–
"Credit authorizers, checkers, and clerks",28,–,–,–,–,–,32,–,–,–,–,–,45,–,–,–,–,–,77,76.4,80.5,14.7,1.0,14.6,76,85.1,69.5,23.1,2.7,12.1
Customer service representatives,"2,632",65.7,72.2,18.0,5.7,21.4,"2,822",65.3,72.0,18.2,5.3,19.8,"2,714",64.8,73.0,17.6,5.5,19.7,41,–,–,–,–,–,55,64.9,80.0,7.8,7.8,17.1
"Eligibility interviewers, government programs",76,76.5,66.5,28.1,0.0,26.5,94,79.7,58.9,29.2,2.6,19.9,80,75.0,61.1,24.6,6.2,22.6,"2,512",64.8,71.8,18.5,5.4,19.7,"2,404",63.8,73.1,17.7,4.9,19.6
File Clerks,125,78.1,72.4,15.3,5.0,21.4,130,76.0,79.0,15.4,4.5,17.0,127,78.6,73.9,15.0,4.1,17.4,60,87.1,60.9,25.2,6.2,18.6,82,81.8,61.5,20.7,11.4,26.8
"Hotel, motel, and resort desk clerks",85,74.4,71.7,20.0,4.4,11.9,106,67.5,61.9,19.4,10.6,17.8,132,66.5,64.8,15.3,8.8,24.5,161,80.1,76.0,14.4,4.1,17.2,161,77.6,83.0,8.8,5.6,16.0
"Interviewers, except eligibility and loan",188,76.9,59.6,29.0,5.1,15.6,205,79.6,62.3,25.2,3.0,24.9,171,78.0,70.4,18.7,4.0,19.3,119,70.3,67.1,16.1,7.2,24.0,91,82.6,69.1,21.9,3.0,27.7
"Library assistants, clerical",66,84.2,71.1,13.8,7.2,13.4,71,83.2,72.8,11.9,8.7,7.9,76,78.5,77.0,7.9,14.5,8.6,203,75.9,66.7,23.9,1.7,18.6,208,78.3,72.1,20.5,3.4,18.1
Loan interviewers and clerks,102,71.2,83.2,14.2,0.8,9.9,125,76.9,83.5,13.6,2.4,17.4,169,68.8,83.6,11.9,2.7,15.6,88,84.2,87.5,6.9,3.3,8.2,65,86.0,82.8,10.3,5.7,9.0
New accounts clerks,15,–,–,–,–,–,18,–,–,–,–,–,14,–,–,–,–,–,144,69.4,74.8,20.0,2.6,16.5,151,76.1,71.8,19.4,6.1,18.0
Order clerks,94,56.7,80.2,9.0,6.6,26.3,106,58.3,75.6,12.3,10.0,25.8,124,54.2,68.5,14.5,12.7,18.0,12,–,–,–,–,–,24,–,–,–,–,–
"Human resources assistants, except payroll and timekeeping",93,84.6,71.5,18.1,8.6,18.3,84,88.1,79.1,13.7,6.0,16.8,89,89.1,70.6,17.9,7.2,7.0,112,56.5,72.5,10.7,9.7,15.3,113,54.5,76.4,9.5,6.1,19.6
Receptionists and information clerks,"1,201",88.4,77.7,13.7,4.7,22.2,"1,196",89.1,78.6,12.8,3.5,22.5,"1,171",90.3,76.8,15.5,3.9,21.6,38,–,–,–,–,–,44,–,–,–,–,–
Reservation and transportation ticket agents and travel clerks,117,48.3,62.8,19.7,8.0,23.6,123,45.9,69.7,19.9,7.8,19.1,112,43.1,66.9,20.4,8.4,21.5,"1,215",90.0,75.8,15.2,4.5,21.0,"1,147",88.3,78.8,12.6,3.6,22.2
"Information and record clerks, all other",112,78.3,72.6,20.7,3.9,18.5,92,77.1,68.2,17.5,4.6,18.4,93,74.5,72.4,17.1,7.6,18.0,93,53.2,68.4,15.9,8.5,16.0,108,52.5,59.1,26.1,7.7,17.8
Cargo and freight agents,13,–,–,–,–,–,26,–,–,–,–,–,29,–,–,–,–,–,107,76.0,76.3,14.7,6.0,14.4,113,74.3,78.7,16.4,1.7,26.3
Couriers and messengers,889,29.8,68.4,21.6,5.7,23.6,929,27.8,67.6,23.7,5.1,21.7,936,26.5,69.8,21.6,4.4,23.6,10,–,–,–,–,–,24,–,–,–,–,–
Public safety telecommunicators,80,59.2,86.1,8.4,0.5,14.7,76,78.2,77.0,17.5,2.0,7.2,82,82.5,72.3,18.4,3.1,11.1,837,24.9,72.1,19.4,2.8,23.3,578,22.6,69.9,21.1,4.4,23.1
"Dispatchers, except police, fire, and ambulance",172,57.5,81.6,7.6,6.3,26.5,184,54.4,74.4,14.3,4.5,19.2,181,58.9,78.0,17.8,2.0,22.7,88,74.3,78.9,15.8,4.5,9.4,104,64.1,89.1,10.1,0.4,13.4
"Meter readers, utilities",15,–,–,–,–,–,14,–,–,–,–,–,16,–,–,–,–,–,189,47.5,81.9,12.6,2.6,29.2,205,50.8,75.2,16.3,2.5,19.0
Postal service clerks,92,53.1,50.4,40.1,6.7,8.8,96,54.1,55.0,36.0,2.9,8.4,107,56.1,51.7,40.4,5.3,11.6,33,–,–,–,–,–,25,–,–,–,–,–
Postal service mail carriers,309,33.9,66.3,21.2,8.5,9.0,302,34.7,69.3,21.9,5.7,13.3,280,41.5,69.0,22.4,6.5,11.6,105,58.8,48.1,40.0,10.3,6.3,91,62.1,49.5,38.4,9.6,10.2
"Postal service mail sorters, processors, and processing machine operators",44,–,–,–,–,–,65,63.1,35.8,48.4,6.1,11.8,59,56.6,43.2,38.5,14.6,8.2,273,42.3,71.2,21.4,5.4,10.8,312,36.7,72.7,18.7,6.8,13.6
"Production, planning, and expediting clerks",223,51.2,81.6,11.2,5.2,13.9,212,43.6,81.7,6.5,7.2,16.1,212,48.9,76.3,11.3,7.8,11.3,82,45.9,42.0,42.9,13.2,8.7,66,46.9,49.0,31.1,18.7,6.1
"Shipping, receiving, and inventory clerks",613,35.9,75.8,16.1,4.2,29.8,621,36.8,77.8,12.5,5.5,29.1,645,37.1,75.9,13.3,7.5,28.8,212,50.0,77.6,8.4,10.0,14.1,244,50.3,78.8,11.5,4.6,15.2
"Weighers, measurers, checkers, and samplers, recordkeeping",69,57.8,71.8,25.2,1.6,20.6,67,48.7,75.6,15.1,0.0,32.5,59,42.5,80.7,12.8,3.3,23.8,615,36.9,74.3,16.2,4.8,29.1,572,33.6,72.6,19.1,4.0,26.8
Executive secretaries and executive administrative assistants,234,95.6,70.2,19.3,5.7,18.7,210,90.0,73.6,18.5,4.1,15.0,244,94.8,79.4,10.5,5.9,15.7,49,–,–,–,–,–,58,40.0,74.3,20.5,1.7,20.8
Legal secretaries and administrative assistants,43,–,–,–,–,–,54,96.4,71.3,18.4,6.1,15.0,46,–,–,–,–,–,223,96.4,88.3,6.0,3.2,12.9,196,92.5,83.0,12.8,3.3,9.8
Medical secretaries and administrative assistants,85,92.9,81.7,7.9,5.9,22.5,103,92.8,84.4,8.2,5.1,18.7,74,97.3,65.3,21.8,4.5,12.5,49,–,–,–,–,–,54,83.9,83.3,9.7,4.5,13.2
"Secretaries and administrative assistants, except legal, medical, and executive","1,758",91.4,83.3,9.2,4.0,14.5,"1,841",91.9,82.9,11.1,3.1,14.8,"1,915",92.5,83.3,9.5,3.5,14.6,58,95.0,78.0,14.6,2.4,17.3,72,93.3,81.2,8.2,7.6,18.5
Data entry keyers,226,72.6,71.4,15.8,7.6,19.3,224,72.7,70.1,16.1,7.6,17.6,237,69.8,72.6,15.8,6.1,11.7,"2,009",92.5,83.8,9.7,3.2,14.0,"2,080",92.9,83.8,10.3,3.2,13.8
Word processors and typists,43,–,–,–,–,–,46,–,–,–,–,–,35,–,–,–,–,–,220,76.2,74.5,14.9,7.0,19.2,228,74.4,72.2,17.6,5.1,15.8
Desktop publishers,1,–,–,–,–,–,3,–,–,–,–,–,1,–,–,–,–,–,37,–,–,–,–,–,44,–,–,–,–,–
Insurance claims and policy processing clerks,299,78.7,72.0,21.9,3.3,17.7,308,80.1,72.3,19.2,6.1,17.9,314,84.7,67.5,25.8,3.5,17.6,1,–,–,–,–,–,0,–,–,–,–,–
"Mail clerks and mail machine operators, except postal service",45,–,–,–,–,–,44,–,–,–,–,–,53,41.5,66.4,23.2,8.8,23.3,257,78.2,69.1,25.3,1.9,19.5,236,79.2,74.8,17.5,5.7,17.3
"Office clerks, general","1,253",80.0,74.7,14.1,6.8,20.6,"1,274",81.3,76.6,13.6,6.4,20.5,"1,256",84.3,76.5,14.0,5.6,20.0,53,46.9,57.9,30.0,9.3,17.0,62,41.3,70.8,21.0,4.2,20.0
"Office machine operators, except computer",24,–,–,–,–,–,29,–,–,–,–,–,29,–,–,–,–,–,"1,249",83.6,75.7,14.3,6.4,19.0,"1,227",83.0,77.5,11.8,7.0,19.6
Proofreaders and copy markers,14,–,–,–,–,–,7,–,–,–,–,–,7,–,–,–,–,–,27,–,–,–,–,–,22,–,–,–,–,–
Statistical assistants,13,–,–,–,–,–,16,–,–,–,–,–,17,–,–,–,–,–,10,–,–,–,–,–,4,–,–,–,–,–
"Office and administrative support workers, all other",718,74.0,77.6,13.3,4.7,16.2,447,68.8,77.7,12.0,5.2,18.6,582,72.4,76.7,14.2,4.6,17.9,45,–,–,–,–,–,65,35.7,70.1,9.8,17.4,6.7
,,,,,,,,,,,,,,,,,,,639,71.6,74.4,17.0,4.9,15.1,535,75.9,74.7,16.1,5.3,15.7
"Natural resources, construction, and maintenance occupations","14,391",6.0,85.3,8.1,2.0,35.6,"14,326",5.8,86.1,7.8,1.8,34.5,"14,260",5.7,86.7,7.4,1.9,34.2,,,,,,,,,,,,
"Farming, fishing, and forestry occupations",970,27.8,88.7,4.6,1.6,44.2,987,27.1,89.7,5.1,0.9,44.6,980,26.2,89.2,4.6,1.8,44.7,"13,959",5.6,86.3,7.4,2.3,33.4,"13,357",5.6,86.7,7.5,2.1,31.1
"First-line supervisors of farming, fishing, and forestry workers",54,15.4,96.9,1.8,0.0,50.0,70,18.1,91.6,4.3,0.2,37.9,52,16.9,92.5,5.1,1.1,29.2,"1,061",24.2,88.4,4.4,2.3,43.9,"1,045",24.1,90.0,4.3,1.6,43.0
Agricultural inspectors,15,–,–,–,–,–,26,–,–,–,–,–,14,–,–,–,–,–,49,–,–,–,–,–,53,12.8,89.5,4.7,2.8,27.6
Animal breeders,8,–,–,–,–,–,15,–,–,–,–,–,9,–,–,–,–,–,10,–,–,–,–,–,14,–,–,–,–,–
"Graders and sorters, agricultural products",50,65.7,80.0,13.1,5.5,71.1,45,–,–,–,–,–,47,–,–,–,–,–,12,–,–,–,–,–,4,–,–,–,–,–
Miscellaneous agricultural workers,757,28.7,89.0,4.0,1.5,46.2,731,28.7,91.2,3.9,0.8,49.2,753,26.5,89.4,4.7,1.5,49.3,53,71.2,70.2,10.8,10.5,65.3,36,–,–,–,–,–
Fishing and hunting workers,27,–,–,–,–,–,26,–,–,–,–,–,32,–,–,–,–,–,835,23.3,89.3,3.8,2.0,46.7,834,24.4,90.5,4.2,1.0,47.2
Forest and conservation workers,11,–,–,–,–,–,16,–,–,–,–,–,15,–,–,–,–,–,31,–,–,–,–,–,35,–,–,–,–,–
Logging workers,48,–,–,–,–,–,58,1.7,94.0,3.4,0.0,13.6,57,6.5,89.8,4.2,0.0,6.3,21,–,–,–,–,–,21,–,–,–,–,–
Construction and extraction occupations,"8,520",4.3,86.1,7.5,1.5,41.6,"8,457",4.3,86.8,7.2,1.3,40.8,"8,427",4.2,87.1,7.1,1.6,40.3,51,4.0,98.2,1.1,0.0,16.4,47,–,–,–,–,–
First-line supervisors of construction trades and extraction workers,792,6.0,86.8,8.2,1.6,26.9,702,5.1,89.1,4.8,1.4,26.6,661,4.3,91.1,4.1,1.6,25.6,"8,057",3.9,87.2,7.1,1.7,38.9,"7,710",4.0,87.8,7.0,1.6,35.7
Boilermakers,15,–,–,–,–,–,13,–,–,–,–,–,15,–,–,–,–,–,650,3.8,90.2,6.2,1.0,24.2,737,3.5,89.9,5.8,1.1,25.4
"Brickmasons, blockmasons, and stonemasons",128,2.9,86.2,3.5,1.7,45.8,117,1.5,93.4,1.1,0.0,50.5,119,3.0,87.0,8.7,1.3,46.9,21,–,–,–,–,–,19,–,–,–,–,–
Carpenters,"1,279",4.2,86.5,6.6,1.2,41.4,"1,275",3.1,89.0,5.2,1.3,44.2,"1,282",3.5,88.6,5.5,1.9,41.8,97,2.2,84.0,9.6,0.0,51.7,113,0.3,86.8,8.8,1.0,44.1
"Carpet, floor, and tile installers and finishers",128,2.0,86.4,3.8,0.7,58.9,114,5.8,88.9,1.5,1.5,61.1,147,7.5,83.9,7.5,3.2,55.7,"1,230",3.1,87.7,6.3,1.6,39.3,"1,114",3.2,87.9,6.9,1.9,35.5
"Cement masons, concrete finishers, and terrazzo workers",51,1.8,90.6,2.1,0.0,58.0,56,4.7,89.4,1.9,0.0,50.5,70,1.0,87.6,7.6,0.0,52.5,156,7.7,88.8,6.2,0.2,48.2,172,3.9,93.7,2.5,1.1,53.2
Construction laborers,"2,293",3.5,87.6,6.4,1.6,53.9,"2,223",4.5,84.0,9.1,1.3,51.9,"2,227",4.9,84.9,8.4,1.9,50.7,67,0.0,88.6,6.2,0.1,53.0,55,2.8,82.9,8.4,1.3,53.3
Construction equipment operators,396,2.3,87.8,8.6,0.4,19.9,395,1.0,89.8,5.7,0.7,20.7,369,1.7,88.9,5.4,0.7,18.9,"2,165",4.5,84.8,8.1,2.6,48.9,"1,902",3.8,86.6,8.0,1.4,46.0
"Drywall installers, ceiling tile installers, and tapers",140,4.2,80.5,5.1,1.8,65.8,162,4.1,86.8,7.9,0.9,74.3,161,2.8,92.8,0.8,2.2,70.3,360,3.0,89.0,8.0,0.1,21.8,359,3.9,85.3,9.9,0.5,17.8
Electricians,992,2.9,82.8,9.2,1.8,26.2,959,2.9,87.3,6.7,1.6,24.6,918,2.2,88.5,7.3,2.0,24.9,155,3.1,89.8,3.3,0.7,72.5,165,5.8,89.2,1.0,2.8,73.1
Glaziers,30,–,–,–,–,–,39,–,–,–,–,–,32,–,–,–,–,–,845,1.7,88.3,6.7,2.6,22.9,901,3.1,87.8,7.6,1.7,23.8
Insulation workers,40,–,–,–,–,–,59,5.0,83.8,7.5,0.4,45.6,52,5.9,82.5,15.8,0.0,44.0,53,7.6,85.4,11.5,0.0,32.5,45,–,–,–,–,–
Painters and paperhangers,539,10.8,85.7,7.7,0.7,62.9,561,10.4,90.2,5.5,0.4,60.6,644,10.5,89.8,6.8,0.7,59.1,48,–,–,–,–,–,53,2.9,86.0,9.6,2.4,54.5
Pipelayers,47,–,–,–,–,–,54,1.4,84.6,7.8,0.0,49.7,52,2.4,97.0,2.3,0.0,60.2,556,8.9,88.6,7.0,1.0,59.3,524,8.3,90.0,5.4,0.6,51.2
"Plumbers, pipefitters, and steamfitters",636,3.2,84.3,10.2,2.6,32.5,635,2.2,84.7,10.1,2.2,28.3,610,1.1,83.3,8.9,2.2,28.2,37,–,–,–,–,–,49,–,–,–,–,–
Plasterers and stucco masons,25,–,–,–,–,–,21,–,–,–,–,–,23,–,–,–,–,–,587,2.1,87.2,7.1,1.5,25.7,537,2.3,88.1,6.9,1.7,24.5
Reinforcing iron and rebar workers,8,–,–,–,–,–,11,–,–,–,–,–,9,–,–,–,–,–,22,–,–,–,–,–,24,–,–,–,–,–
Roofers,240,4.1,87.6,5.8,1.2,68.2,235,4.4,88.5,5.5,0.5,63.1,208,5.0,87.7,6.9,0.0,66.5,10,–,–,–,–,–,3,–,–,–,–,–
Sheet metal workers,146,6.3,84.6,8.7,3.4,21.1,127,6.5,85.5,9.9,1.5,16.9,131,5.1,85.1,7.0,1.1,21.8,221,2.9,85.8,7.5,1.1,63.5,210,3.3,86.9,5.1,1.4,53.2
Structural iron and steel workers,35,–,–,–,–,–,42,–,–,–,–,–,66,1.1,73.3,16.5,0.0,16.1,125,3.9,89.5,4.6,0.8,19.8,123,5.6,87.3,4.5,3.2,13.4
Solar photovoltaic installers,22,–,–,–,–,–,20,–,–,–,–,–,28,–,–,–,–,–,41,–,–,–,–,–,47,–,–,–,–,–
"Helpers, construction trades",55,8.5,88.1,6.9,0.0,44.8,64,6.2,88.4,5.3,1.3,51.8,54,5.4,88.5,3.2,1.0,48.4,23,–,–,–,–,–,20,–,–,–,–,–
Construction and building inspectors,104,11.5,86.0,5.8,6.1,15.8,115,10.5,80.9,9.4,5.4,20.6,113,11.8,85.0,9.7,4.8,12.9,71,3.5,83.7,9.9,0.6,43.3,47,–,–,–,–,–
Elevator and escalator installers and repairers,29,–,–,–,–,–,46,–,–,–,–,–,43,–,–,–,–,–,103,10.0,87.6,7.3,3.5,12.3,116,11.9,88.2,3.5,4.5,12.4
Fence erectors,38,–,–,–,–,–,40,–,–,–,–,–,48,–,–,–,–,–,38,–,–,–,–,–,19,–,–,–,–,–
Hazardous materials removal workers,26,–,–,–,–,–,25,–,–,–,–,–,25,–,–,–,–,–,41,–,–,–,–,–,36,–,–,–,–,–
Highway maintenance workers,73,1.3,79.1,15.4,0.4,14.8,93,2.2,84.3,11.0,2.6,20.8,108,3.9,83.4,12.9,0.0,18.1,27,–,–,–,–,–,31,–,–,–,–,–
Rail-track laying and maintenance equipment operators,11,–,–,–,–,–,22,–,–,–,–,–,17,–,–,–,–,–,99,3.6,85.5,10.1,0.7,17.3,102,7.4,85.2,10.5,0.7,11.0
Septic tank servicers and sewer pipe cleaners,11,–,–,–,–,–,7,–,–,–,–,–,6,–,–,–,–,–,15,–,–,–,–,–,5,–,–,–,–,–
Miscellaneous construction and related workers,34,–,–,–,–,–,65,7.5,94.9,4.1,0.0,42.4,32,–,–,–,–,–,11,–,–,–,–,–,7,–,–,–,–,–
"Derrick, rotary drill, and service unit operators, oil and gas",20,–,–,–,–,–,24,–,–,–,–,–,26,–,–,–,–,–,26,–,–,–,–,–,22,–,–,–,–,–
"Excavating and loading machine and dragline operators, surface mining",4,–,–,–,–,–,10,–,–,–,–,–,3,–,–,–,–,–,21,–,–,–,–,–,22,–,–,–,–,–
"Earth drillers, except oil and gas",37,–,–,–,–,–,25,–,–,–,–,–,27,–,–,–,–,–,4,–,–,–,–,–,5,–,–,–,–,–
"Explosives workers, ordnance handling experts, and blasters",11,–,–,–,–,–,8,–,–,–,–,–,7,–,–,–,–,–,27,–,–,–,–,–,25,–,–,–,–,–
Underground mining machine operators,29,–,–,–,–,–,38,–,–,–,–,–,33,–,–,–,–,–,14,–,–,–,–,–,6,–,–,–,–,–
"Roustabouts, oil and gas",7,–,–,–,–,–,8,–,–,–,–,–,10,–,–,–,–,–,33,–,–,–,–,–,39,–,–,–,–,–
Other extraction workers,47,–,–,–,–,–,47,–,–,–,–,–,50,2.5,86.1,5.0,0.0,28.6,3,–,–,–,–,–,6,–,–,–,–,–
"Installation, maintenance, and repair occupations","4,901",4.5,83.3,9.8,2.9,23.6,"4,881",4.1,84.0,9.4,2.9,21.6,"4,853",4.2,85.7,8.5,2.4,21.6,55,0.5,80.1,15.9,0.4,30.5,50,1.9,91.8,2.3,0.4,26.1
"First-line supervisors of mechanics, installers, and repairers",272,8.0,83.0,9.7,2.8,16.4,239,7.1,90.3,5.6,1.8,15.2,245,5.3,87.6,5.4,2.0,12.0,"4,840",4.3,84.5,8.3,3.3,22.0,"4,602",4.1,84.0,9.1,3.1,20.8
"Computer, automated teller, and office machine repairers",125,9.8,76.5,13.7,6.0,13.2,134,13.8,71.5,14.7,10.8,9.3,177,10.4,73.2,16.3,6.3,15.1,222,6.0,89.1,5.8,0.7,12.3,226,9.3,85.7,7.2,2.5,12.4
Radio and telecommunications equipment installers and repairers,100,9.1,81.1,5.4,6.8,20.0,116,5.9,82.6,11.5,3.0,18.2,112,13.8,82.4,10.7,3.0,26.0,176,15.4,73.4,12.6,9.1,16.8,190,10.5,80.5,5.5,9.1,19.9
Avionics technicians,12,–,–,–,–,–,12,–,–,–,–,–,8,–,–,–,–,–,155,4.5,80.3,10.5,4.2,15.5,140,8.3,71.5,16.8,6.3,16.8
"Electric motor, power tool, and related repairers",18,–,–,–,–,–,22,–,–,–,–,–,20,–,–,–,–,–,5,–,–,–,–,–,9,–,–,–,–,–
"Electrical and electronics installers and repairers, transportation equipment",3,–,–,–,–,–,1,–,–,–,–,–,0,–,–,–,–,–,21,–,–,–,–,–,19,–,–,–,–,–
"Electrical and electronics repairers, industrial and utility",7,–,–,–,–,–,6,–,–,–,–,–,15,–,–,–,–,–,1,–,–,–,–,–,3,–,–,–,–,–
"Electronic equipment installers and repairers, motor vehicles",8,–,–,–,–,–,5,–,–,–,–,–,10,–,–,–,–,–,13,–,–,–,–,–,9,–,–,–,–,–
Audiovisual equipment installers and repairers,18,–,–,–,–,–,26,–,–,–,–,–,26,–,–,–,–,–,9,–,–,–,–,–,5,–,–,–,–,–
Security and fire alarm systems installers,70,1.2,78.2,12.2,0.6,26.9,48,–,–,–,–,–,67,5.7,87.3,8.6,3.1,30.4,22,–,–,–,–,–,29,–,–,–,–,–
Aircraft mechanics and service technicians,158,6.9,77.6,9.7,7.7,22.8,124,4.3,83.4,9.5,5.0,21.1,149,4.6,85.5,7.1,6.4,19.3,72,4.5,89.8,2.3,2.6,32.1,63,0.0,77.4,9.6,3.2,34.4
Automotive body and related repairers,128,4.9,83.5,9.2,2.2,26.3,127,6.8,85.9,9.6,1.8,21.6,151,3.7,90.6,3.6,3.5,28.9,150,3.2,89.3,5.7,4.2,15.3,153,5.4,84.3,10.8,3.2,23.0
Automotive glass installers and repairers,17,–,–,–,–,–,24,–,–,–,–,–,27,–,–,–,–,–,123,2.4,89.9,5.6,1.9,29.0,121,1.0,87.4,7.3,2.2,27.9
Automotive service technicians and mechanics,914,3.2,82.9,9.9,3.6,30.4,933,2.5,82.9,8.1,3.5,28.7,926,2.9,84.6,8.6,2.7,28.2,28,–,–,–,–,–,15,–,–,–,–,–
Bus and truck mechanics and diesel engine specialists,334,2.8,87.0,7.0,2.3,20.7,334,1.6,87.4,6.9,1.8,20.6,347,1.2,85.3,7.6,1.8,21.5,864,2.3,83.4,8.0,4.6,28.2,750,1.4,82.8,9.1,3.5,28.3
Heavy vehicle and mobile equipment service technicians and mechanics,191,1.5,94.4,3.4,0.4,13.1,201,2.3,94.7,3.7,0.2,19.3,224,1.2,92.5,4.2,0.2,17.7,362,1.2,85.2,7.1,3.2,19.2,357,1.8,85.1,7.4,3.1,18.1
Small engine mechanics,38,–,–,–,–,–,41,–,–,–,–,–,51,2.2,88.8,7.9,2.0,6.6,248,1.2,88.4,5.4,2.4,19.1,191,0.8,93.7,3.7,0.8,19.1
"Miscellaneous vehicle and mobile equipment mechanics, installers, and repairers",97,4.2,81.4,11.1,1.7,30.5,90,3.2,93.9,4.5,0.1,22.7,81,4.5,89.9,5.4,1.7,21.0,43,–,–,–,–,–,48,–,–,–,–,–
Control and valve installers and repairers,19,–,–,–,–,–,26,–,–,–,–,–,18,–,–,–,–,–,84,2.8,87.9,9.3,1.4,19.5,84,1.2,89.8,7.1,2.1,27.7
"Heating, air conditioning, and refrigeration mechanics and installers",495,3.0,84.3,8.9,3.6,25.4,546,2.3,86.1,9.5,0.7,23.1,472,2.3,86.0,10.2,1.6,22.4,20,–,–,–,–,–,28,–,–,–,–,–
Home appliance repairers,34,–,–,–,–,–,41,–,–,–,–,–,46,–,–,–,–,–,445,1.5,82.0,11.1,3.4,25.3,450,1.5,81.5,12.1,3.1,21.7
Industrial and refractory machinery mechanics,373,4.4,82.5,10.2,2.6,20.2,416,3.9,81.7,9.9,5.5,18.9,401,3.1,86.6,8.9,2.4,17.3,49,–,–,–,–,–,38,–,–,–,–,–
"Maintenance and repair workers, general",725,5.1,81.2,10.3,3.2,23.2,672,4.7,79.6,12.2,3.6,24.0,646,5.4,82.1,11.7,2.8,23.0,429,5.1,87.9,6.1,3.4,19.6,399,5.2,86.1,9.5,2.5,14.5
"Maintenance workers, machinery",31,–,–,–,–,–,22,–,–,–,–,–,19,–,–,–,–,–,614,5.1,84.6,8.8,2.5,21.0,584,4.3,83.9,10.7,1.8,20.6
Millwrights,40,–,–,–,–,–,42,–,–,–,–,–,40,–,–,–,–,–,29,–,–,–,–,–,24,–,–,–,–,–
Electrical power-line installers and repairers,131,1.8,88.7,8.0,1.0,14.6,130,2.3,94.6,4.1,0.0,13.6,119,1.5,89.9,5.2,0.9,12.1,48,–,–,–,–,–,57,4.2,95.6,1.3,1.1,5.8
Telecommunications line installers and repairers,127,6.3,81.4,15.2,1.9,27.3,160,5.3,77.2,19.2,0.6,12.9,134,4.9,86.8,8.4,0.9,22.5,125,0.7,87.0,8.5,0.6,11.9,127,1.3,89.4,5.5,0.8,10.6
Precision instrument and equipment repairers,55,13.3,87.0,5.5,4.8,20.7,46,–,–,–,–,–,53,10.9,85.6,9.4,4.0,16.6,134,7.0,79.8,13.7,2.1,38.4,131,6.3,83.4,12.0,0.9,22.4
Wind turbine service technicians,8,–,–,–,–,–,7,–,–,–,–,–,9,–,–,–,–,–,68,12.9,67.9,17.2,10.6,20.0,73,16.2,72.9,12.8,9.8,5.9
"Coin, vending, and amusement machine servicers and repairers",36,–,–,–,–,–,33,–,–,–,–,–,37,–,–,–,–,–,11,–,–,–,–,–,5,–,–,–,–,–
Commercial divers,6,–,–,–,–,–,1,–,–,–,–,–,3,–,–,–,–,–,29,–,–,–,–,–,29,–,–,–,–,–
Locksmiths and safe repairers,44,–,–,–,–,–,29,–,–,–,–,–,19,–,–,–,–,–,2,–,–,–,–,–,6,–,–,–,–,–
Manufactured building and mobile home installers,7,–,–,–,–,–,5,–,–,–,–,–,4,–,–,–,–,–,30,–,–,–,–,–,28,–,–,–,–,–
Riggers,12,–,–,–,–,–,14,–,–,–,–,–,10,–,–,–,–,–,1,–,–,–,–,–,5,–,–,–,–,–
"Helpers--installation, maintenance, and repair workers",23,–,–,–,–,–,18,–,–,–,–,–,15,–,–,–,–,–,6,–,–,–,–,–,7,–,–,–,–,–
"Other installation, maintenance, and repair workers",225,6.3,82.6,15.3,0.8,28.9,190,4.1,85.0,6.9,3.6,33.5,173,7.7,89.6,3.5,1.5,21.8,19,–,–,–,–,–,16,–,–,–,–,–
,,,,,,,,,,,,,,,,,,,182,10.6,87.7,7.7,1.3,27.0,183,5.5,84.2,8.5,3.0,30.4
"Production, transportation, and material moving occupations","19,873",24.5,73.2,17.6,5.1,26.0,"19,986",24.9,73.2,17.8,4.8,25.1,"20,082",25.1,72.7,18.2,5.0,24.3,,,,,,,,,,,,
Production occupations,"7,944",28.8,76.1,14.2,5.7,25.5,"8,280",29.9,76.1,14.7,5.4,25.6,"8,256",29.8,75.3,15.0,5.9,24.3,"19,309",24.3,74.0,17.3,4.7,23.7,"18,215",23.7,74.6,16.7,4.8,23.8
First-line supervisors of production and operating workers,767,23.6,80.0,12.5,4.6,18.7,776,23.5,76.7,14.0,6.4,18.5,799,22.7,76.6,14.9,5.3,18.3,"7,950",28.3,77.6,13.3,5.5,24.0,"7,590",28.3,77.8,13.1,5.6,23.6
"Aircraft structure, surfaces, rigging, and systems assemblers",2,–,–,–,–,–,10,–,–,–,–,–,6,–,–,–,–,–,767,19.5,80.7,12.8,3.2,17.6,748,19.0,79.5,13.7,4.2,17.7
"Electrical, electronics, and electromechanical assemblers",115,54.9,55.5,16.0,24.4,19.4,114,45.9,60.0,24.8,14.9,24.9,102,49.3,67.5,13.5,18.7,25.1,6,–,–,–,–,–,4,–,–,–,–,–
Engine and other machine assemblers,7,–,–,–,–,–,15,–,–,–,–,–,8,–,–,–,–,–,110,41.9,68.9,10.0,15.9,15.8,91,42.2,59.5,12.4,18.0,17.2
Structural metal fabricators and fitters,22,–,–,–,–,–,22,–,–,–,–,–,20,–,–,–,–,–,7,–,–,–,–,–,7,–,–,–,–,–
Other assemblers and fabricators,899,35.9,70.2,18.8,8.0,25.6,"1,048",37.1,67.8,21.3,7.3,25.5,"1,047",37.5,66.0,21.5,7.7,23.9,13,–,–,–,–,–,21,–,–,–,–,–
Bakers,243,67.1,84.0,8.6,4.6,33.9,233,65.5,80.2,7.4,5.6,37.1,230,63.6,77.5,10.0,8.5,31.7,957,34.1,70.2,18.5,7.6,21.9,872,32.7,69.0,18.7,8.1,20.7
"Butchers and other meat, poultry, and fish processing workers",239,20.0,65.5,21.4,6.3,30.1,243,27.6,72.0,16.3,7.3,36.6,252,25.4,70.7,18.3,7.5,33.2,229,64.8,81.2,11.1,3.5,32.7,235,64.1,77.0,11.8,6.7,26.9
"Food and tobacco roasting, baking, and drying machine operators and tenders",12,–,–,–,–,–,8,–,–,–,–,–,9,–,–,–,–,–,246,19.4,75.3,15.4,4.6,39.7,266,25.7,75.1,16.2,5.5,40.1
Food batchmakers,98,56.4,77.4,14.8,2.4,29.9,79,55.7,80.7,14.7,3.6,32.3,94,58.1,77.6,12.7,5.1,24.7,9,–,–,–,–,–,10,–,–,–,–,–
Food cooking machine operators and tenders,13,–,–,–,–,–,10,–,–,–,–,–,13,–,–,–,–,–,93,48.7,84.3,9.5,2.4,29.2,94,56.8,86.9,7.2,2.8,27.6
"Food processing workers, all other",133,32.3,70.0,15.1,8.4,39.4,140,27.3,69.6,22.1,3.1,39.9,142,36.4,66.6,17.4,6.2,38.6,8,–,–,–,–,–,13,–,–,–,–,–
Computer numerically controlled tool operators and programmers,91,4.6,87.4,0.6,6.4,16.3,100,7.8,82.2,6.8,6.1,23.3,78,10.3,80.0,9.9,6.9,22.4,144,43.9,73.9,16.3,5.6,33.9,125,36.9,71.4,17.9,7.1,36.0
"Forming machine setters, operators, and tenders, metal and plastic",22,–,–,–,–,–,34,–,–,–,–,–,30,–,–,–,–,–,90,8.1,83.8,7.2,4.1,7.4,105,9.0,88.9,7.3,3.3,14.5
"Cutting, punching, and press machine setters, operators, and tenders, metal and plastic",52,8.6,75.8,18.3,4.8,23.0,74,7.0,88.9,8.2,0.7,21.7,60,13.7,82.1,13.4,0.0,17.8,25,–,–,–,–,–,28,–,–,–,–,–
"Grinding, lapping, polishing, and buffing machine tool setters, operators, and tenders, metal and plastic",40,–,–,–,–,–,38,–,–,–,–,–,25,–,–,–,–,–,70,26.4,86.9,9.1,0.0,14.3,72,15.0,78.0,18.7,2.7,22.8
"Other machine tool setters, operators, and tenders, metal and plastic",7,–,–,–,–,–,6,–,–,–,–,–,13,–,–,–,–,–,32,–,–,–,–,–,41,–,–,–,–,–
Machinists,281,4.8,83.1,6.8,7.1,12.6,307,6.3,82.9,6.0,7.5,13.3,313,6.8,88.2,5.7,3.5,13.0,8,–,–,–,–,–,7,–,–,–,–,–
"Metal furnace operators, tenders, pourers, and casters",15,–,–,–,–,–,16,–,–,–,–,–,18,–,–,–,–,–,323,3.4,88.2,5.8,3.3,17.9,290,5.8,91.7,4.1,3.1,13.2
"Model makers and patternmakers, metal and plastic",1,–,–,–,–,–,4,–,–,–,–,–,0,–,–,–,–,–,17,–,–,–,–,–,21,–,–,–,–,–
"Molders and molding machine setters, operators, and tenders, metal and plastic",24,–,–,–,–,–,29,–,–,–,–,–,20,–,–,–,–,–,1,–,–,–,–,–,8,–,–,–,–,–
Tool and die makers,36,–,–,–,–,–,39,–,–,–,–,–,40,–,–,–,–,–,29,–,–,–,–,–,35,–,–,–,–,–
"Welding, soldering, and brazing workers",592,6.0,82.2,9.5,3.0,26.7,559,5.8,82.6,11.1,2.3,26.4,550,5.1,82.7,10.2,2.9,25.5,43,–,–,–,–,–,37,–,–,–,–,–
Other metal workers and plastic workers,305,20.3,76.1,11.9,7.6,22.4,361,20.8,73.8,16.0,7.5,21.1,387,20.3,71.0,16.1,8.6,22.2,555,3.5,84.6,9.8,2.4,22.5,520,3.8,86.9,7.4,2.7,23.1
Prepress technicians and workers,19,–,–,–,–,–,15,–,–,–,–,–,21,–,–,–,–,–,335,22.0,74.6,15.8,5.9,27.7,341,22.2,75.2,16.7,4.6,26.0
Printing press operators,132,25.4,84.7,10.2,4.5,24.3,148,24.7,80.9,14.7,3.8,22.0,151,29.0,76.3,13.2,5.5,21.6,17,–,–,–,–,–,13,–,–,–,–,–
Print binding and finishing workers,15,–,–,–,–,–,13,–,–,–,–,–,7,–,–,–,–,–,143,15.2,75.1,14.5,5.8,22.2,128,19.7,83.7,7.3,5.8,18.4
Laundry and dry-cleaning workers,111,76.8,62.5,27.4,4.5,33.9,121,74.5,76.6,13.0,5.3,44.4,115,70.5,68.9,20.4,10.0,37.2,8,–,–,–,–,–,17,–,–,–,–,–
"Pressers, textile, garment, and related materials",25,–,–,–,–,–,28,–,–,–,–,–,21,–,–,–,–,–,116,67.1,61.6,26.4,8.6,32.3,120,71.5,58.0,25.6,10.0,26.7
Sewing machine operators,114,74.2,74.5,14.7,2.7,40.1,129,70.7,82.7,10.9,4.4,41.1,131,69.9,73.6,14.0,7.7,32.4,17,–,–,–,–,–,25,–,–,–,–,–
Shoe and leather workers,10,–,–,–,–,–,13,–,–,–,–,–,11,–,–,–,–,–,120,71.1,85.3,6.9,3.9,46.1,131,66.7,73.5,12.6,10.8,36.9
"Tailors, dressmakers, and sewers",65,77.0,73.3,15.0,10.0,25.9,51,81.4,79.9,6.3,12.5,28.6,58,78.2,72.8,6.6,18.0,19.4,18,–,–,–,–,–,12,–,–,–,–,–
"Textile machine setters, operators, and tenders",20,–,–,–,–,–,21,–,–,–,–,–,19,–,–,–,–,–,58,86.5,58.5,10.6,25.8,19.5,64,84.2,66.7,3.9,28.5,22.3
Upholsterers,18,–,–,–,–,–,17,–,–,–,–,–,18,–,–,–,–,–,12,–,–,–,–,–,16,–,–,–,–,–
"Other textile, apparel, and furnishings workers",8,–,–,–,–,–,14,–,–,–,–,–,19,–,–,–,–,–,20,–,–,–,–,–,24,–,–,–,–,–
Cabinetmakers and bench carpenters,43,–,–,–,–,–,60,5.5,91.6,3.3,0.7,16.4,71,10.3,97.3,2.2,0.0,30.6,14,–,–,–,–,–,13,–,–,–,–,–
Furniture finishers,17,–,–,–,–,–,16,–,–,–,–,–,14,–,–,–,–,–,67,5.8,94.2,4.7,0.0,21.8,50,7.8,91.5,6.4,1.3,27.2
"Sawing machine setters, operators, and tenders, wood",21,–,–,–,–,–,23,–,–,–,–,–,27,–,–,–,–,–,11,–,–,–,–,–,13,–,–,–,–,–
"Woodworking machine setters, operators, and tenders, except sawing",14,–,–,–,–,–,28,–,–,–,–,–,15,–,–,–,–,–,26,–,–,–,–,–,28,–,–,–,–,–
Other woodworkers,27,–,–,–,–,–,27,–,–,–,–,–,25,–,–,–,–,–,16,–,–,–,–,–,13,–,–,–,–,–
"Power plant operators, distributors, and dispatchers",40,–,–,–,–,–,46,–,–,–,–,–,23,–,–,–,–,–,22,–,–,–,–,–,23,–,–,–,–,–
Stationary engineers and boiler operators,96,6.2,77.3,18.7,3.8,17.5,73,7.1,83.5,11.2,3.1,16.5,85,3.3,77.9,12.4,6.5,13.8,32,–,–,–,–,–,41,–,–,–,–,–
Water and wastewater treatment plant and system operators,107,8.0,90.1,8.3,0.1,15.6,89,7.3,84.5,11.5,0.0,12.7,93,6.7,88.1,8.8,0.6,11.0,66,7.9,72.4,10.8,13.4,14.3,56,10.6,77.5,14.4,4.9,10.7
Miscellaneous plant and system operators,48,–,–,–,–,–,37,–,–,–,–,–,38,–,–,–,–,–,99,9.6,85.6,7.2,2.6,8.9,112,11.0,88.9,8.4,0.9,8.6
"Chemical processing machine setters, operators, and tenders",46,–,–,–,–,–,45,–,–,–,–,–,73,9.7,79.6,12.6,3.0,18.0,37,–,–,–,–,–,43,–,–,–,–,–
"Crushing, grinding, polishing, mixing, and blending workers",82,18.8,75.7,17.5,3.0,30.2,87,15.5,70.8,14.8,6.1,24.1,76,10.5,81.3,9.2,3.2,28.7,72,13.9,86.7,9.5,1.4,14.9,49,–,–,–,–,–
Cutting workers,52,17.9,66.5,15.4,14.6,30.1,56,31.1,74.5,16.5,5.2,30.2,57,28.0,67.8,24.3,3.7,22.5,76,13.6,75.5,17.9,2.3,20.6,79,19.9,81.6,16.3,1.1,19.2
"Extruding, forming, pressing, and compacting machine setters, operators, and tenders",14,–,–,–,–,–,14,–,–,–,–,–,12,–,–,–,–,–,53,24.9,69.1,25.4,1.1,27.3,54,27.1,86.9,9.4,2.3,26.2
"Furnace, kiln, oven, drier, and kettle operators and tenders",14,–,–,–,–,–,10,–,–,–,–,–,10,–,–,–,–,–,25,–,–,–,–,–,23,–,–,–,–,–
"Inspectors, testers, sorters, samplers, and weighers",768,36.1,74.0,14.4,7.7,20.2,793,39.0,74.5,13.5,6.9,17.8,781,38.6,74.4,13.7,8.0,18.8,13,–,–,–,–,–,12,–,–,–,–,–
Jewelers and precious stone and metal workers,36,–,–,–,–,–,58,46.0,77.8,4.9,10.8,29.3,65,47.2,76.4,3.8,12.6,23.8,829,39.3,78.6,11.6,7.1,21.7,751,38.7,77.2,11.4,7.6,20.6
Dental and ophthalmic laboratory technicians and medical appliance technicians,72,57.2,90.0,3.7,5.9,21.1,76,58.9,85.0,3.8,8.7,17.4,95,43.3,77.9,12.0,9.2,23.3,51,52.0,70.2,2.6,17.4,17.1,48,–,–,–,–,–
Packaging and filling machine operators and tenders,278,53.9,69.7,18.9,5.5,49.8,301,57.3,67.4,24.5,4.6,48.4,304,52.5,66.8,23.8,4.7,41.6,73,49.5,74.7,7.9,13.7,19.0,74,59.9,91.0,4.4,4.6,17.0
Painting workers,162,10.4,74.6,15.0,3.7,32.9,142,11.3,80.4,13.8,2.7,36.2,173,14.5,84.0,10.2,0.9,40.0,253,51.5,67.8,21.0,7.3,43.9,252,45.8,69.9,20.8,4.1,41.2
Photographic process workers and processing machine operators,32,–,–,–,–,–,30,–,–,–,–,–,14,–,–,–,–,–,153,7.7,82.9,5.1,3.2,32.3,148,8.1,87.0,7.8,1.5,32.2
Adhesive bonding machine operators and tenders,7,–,–,–,–,–,10,–,–,–,–,–,4,–,–,–,–,–,21,–,–,–,–,–,10,–,–,–,–,–
Etchers and engravers,2,–,–,–,–,–,8,–,–,–,–,–,2,–,–,–,–,–,11,–,–,–,–,–,11,–,–,–,–,–
"Molders, shapers, and casters, except metal and plastic",34,–,–,–,–,–,32,–,–,–,–,–,24,–,–,–,–,–,2,–,–,–,–,–,5,–,–,–,–,–
"Paper goods machine setters, operators, and tenders",12,–,–,–,–,–,15,–,–,–,–,–,20,–,–,–,–,–,21,–,–,–,–,–,26,–,–,–,–,–
Tire builders,7,–,–,–,–,–,9,–,–,–,–,–,9,–,–,–,–,–,16,–,–,–,–,–,22,–,–,–,–,–
Helpers--production workers,64,37.9,78.7,4.3,6.9,30.3,68,44.4,83.5,11.2,3.3,30.9,65,31.0,70.2,16.5,4.8,25.9,8,–,–,–,–,–,2,–,–,–,–,–
Other production equipment operators and tenders,4,–,–,–,–,–,8,–,–,–,–,–,6,–,–,–,–,–,53,30.9,75.0,14.1,8.7,27.8,38,–,–,–,–,–
Other production workers,"1,294",26.0,73.7,18.8,4.0,27.9,"1,280",28.8,75.1,16.8,4.1,28.1,"1,246",29.0,74.5,18.5,4.1,25.3,6,–,–,–,–,–,8,–,–,–,–,–
Transportation and material moving occupations,"11,930",21.7,71.3,19.9,4.7,26.3,"11,706",21.4,71.1,20.1,4.4,24.8,"11,826",21.8,70.9,20.3,4.4,24.3,"1,178",29.1,74.5,16.3,5.8,26.8,"1,046",27.6,74.0,15.3,6.2,27.2
Supervisors of transportation and material moving workers,322,27.4,72.1,12.8,9.9,20.1,349,25.5,67.6,19.6,8.6,19.3,312,24.2,72.8,14.8,5.8,19.9,"11,359",21.6,71.4,20.1,4.2,23.6,"10,625",20.5,72.3,19.4,4.2,23.9
Aircraft pilots and flight engineers,213,9.6,88.3,4.4,2.7,8.3,211,8.3,92.4,3.6,2.7,10.7,187,9.2,95.7,2.6,1.6,9.7,355,24.3,75.7,14.4,4.4,21.2,265,23.5,73.8,14.8,5.7,23.2
Air traffic controllers and airfield operations specialists,35,–,–,–,–,–,39,–,–,–,–,–,35,–,–,–,–,–,158,5.3,93.0,3.9,1.5,6.1,155,5.6,94.0,3.4,2.2,5.0
Flight attendants,129,77.2,69.0,22.6,5.2,15.9,115,78.0,79.7,16.3,3.7,20.0,116,69.9,78.4,11.1,6.5,12.5,31,–,–,–,–,–,38,–,–,–,–,–
"Ambulance drivers and attendants, except emergency medical technicians",23,–,–,–,–,–,16,–,–,–,–,–,15,–,–,–,–,–,105,64.6,70.7,18.4,7.1,9.5,81,79.7,65.0,19.3,10.6,10.3
"Bus drivers, school",201,51.4,74.7,21.0,2.7,15.7,218,56.1,72.7,23.7,1.1,14.8,250,52.0,74.7,19.9,3.3,14.4,7,–,–,–,–,–,10,–,–,–,–,–
"Bus drivers, transit and intercity",271,35.8,60.6,33.3,2.6,17.6,284,37.2,61.4,32.5,3.1,19.4,245,39.7,57.5,36.6,2.9,12.2,276,55.3,72.4,23.2,3.0,10.0,201,58.5,73.0,21.5,1.9,7.9
Driver/sales workers and truck drivers,"3,578",7.9,70.9,21.3,4.5,24.3,"3,551",6.9,72.4,20.5,3.5,24.1,"3,539",8.1,74.1,18.3,4.0,23.3,241,41.0,58.7,35.2,2.3,14.4,187,40.7,56.1,37.0,3.6,17.7
Shuttle drivers and chauffeurs,79,19.6,66.7,21.6,8.6,16.6,78,10.7,55.9,30.0,9.6,14.2,59,16.2,60.6,26.1,2.6,26.0,"3,487",7.9,74.0,18.7,3.8,23.6,"3,364",7.8,76.9,16.8,2.9,22.6
Taxi drivers,514,12.6,48.9,29.9,16.9,26.6,456,15.3,52.5,24.9,19.5,23.9,455,13.0,50.0,26.3,20.0,23.0,57,9.3,68.3,23.0,5.8,19.8,88,16.3,61.6,24.5,12.6,24.9
"Motor vehicle operators, all other",231,19.4,56.1,32.3,9.5,17.2,212,18.2,61.9,27.4,4.9,19.1,193,28.5,62.1,28.2,4.9,18.8,337,12.0,56.8,25.1,15.3,28.2,327,15.1,57.9,27.7,11.9,25.3
Locomotive engineers and operators,41,–,–,–,–,–,44,–,–,–,–,–,52,3.8,71.0,17.2,3.5,3.2,163,15.1,66.7,22.5,8.4,22.1,143,22.6,71.8,17.8,9.6,17.0
Railroad conductors and yardmasters,51,3.9,77.4,19.1,0.5,8.6,48,–,–,–,–,–,38,–,–,–,–,–,39,–,–,–,–,–,55,7.7,73.5,18.6,3.0,22.6
Other rail transportation workers,19,–,–,–,–,–,24,–,–,–,–,–,18,–,–,–,–,–,39,–,–,–,–,–,40,–,–,–,–,–
Sailors and marine oilers,21,–,–,–,–,–,17,–,–,–,–,–,25,–,–,–,–,–,14,–,–,–,–,–,12,–,–,–,–,–
Ship and boat captains and operators,44,–,–,–,–,–,42,–,–,–,–,–,41,–,–,–,–,–,18,–,–,–,–,–,19,–,–,–,–,–
Ship engineers,3,–,–,–,–,–,1,–,–,–,–,–,6,–,–,–,–,–,26,–,–,–,–,–,31,–,–,–,–,–
Parking attendants,54,9.8,58.4,27.0,5.5,28.9,61,13.5,66.6,22.6,9.3,41.8,68,14.6,63.2,26.2,9.3,30.1,3,–,–,–,–,–,3,–,–,–,–,–
Transportation service attendants,75,15.1,82.4,11.7,3.1,20.3,79,23.4,76.8,12.2,1.2,18.5,91,17.5,69.2,12.9,6.7,15.5,71,13.3,61.1,28.4,6.8,35.7,53,19.3,59.7,34.0,3.7,30.2
Transportation inspectors,40,–,–,–,–,–,35,–,–,–,–,–,44,–,–,–,–,–,89,10.7,71.8,16.5,2.4,19.8,93,13.8,67.8,16.6,12.6,10.2
Passenger attendants,30,–,–,–,–,–,26,–,–,–,–,–,21,–,–,–,–,–,36,–,–,–,–,–,35,–,–,–,–,–
Other transportation workers,45,–,–,–,–,–,36,–,–,–,–,–,47,–,–,–,–,–,17,–,–,–,–,–,21,–,–,–,–,–
Crane and tower operators,53,5.1,77.7,14.6,4.6,17.7,60,2.9,88.5,9.0,0.4,20.3,60,0.7,91.4,7.0,0.5,13.5,30,–,–,–,–,–,25,–,–,–,–,–
"Conveyor, dredge, and hoist and winch operators",31,–,–,–,–,–,37,–,–,–,–,–,29,–,–,–,–,–,56,1.1,78.5,18.0,0.7,8.1,54,0.8,93.5,5.9,0.1,10.1
Industrial truck and tractor operators,602,10.4,71.5,21.6,2.2,35.8,629,9.5,68.2,24.6,1.9,31.1,636,10.5,68.7,24.9,1.4,31.9,35,–,–,–,–,–,30,–,–,–,–,–
Cleaners of vehicles and equipment,371,17.7,77.4,14.1,2.1,35.8,401,20.4,73.2,19.7,3.3,33.5,350,18.9,73.5,19.5,2.4,36.4,623,9.1,69.2,24.9,1.5,33.3,553,7.0,66.5,25.5,2.5,31.2
"Laborers and freight, stock, and material movers, hand","2,286",22.9,72.8,18.7,3.6,28.7,"2,090",24.2,72.2,19.3,2.7,27.1,"2,244",22.4,70.5,21.5,3.0,27.0,301,17.0,72.1,21.1,2.6,30.1,344,19.2,73.9,19.2,3.7,34.6
Machine feeders and offbearers,,,,,,,30,–,–,–,–,–,24,–,–,–,–,–,"2,161",22.9,71.4,20.1,3.5,24.1,"1,995",20.5,72.2,18.6,4.0,28.0
"Packers and packagers, hand",661,53.4,68.9,21.3,5.7,44.2,690,51.7,61.8,25.8,6.3,35.3,719,52.9,68.8,21.8,4.8,37.9,22,–,–,–,–,–,11,–,–,–,–,–
Stockers and order fillers,"1,694",37.6,76.2,15.5,3.6,25.5,"1,640",36.5,74.7,15.5,4.8,23.6,"1,722",37.5,70.0,20.3,4.8,22.6,742,52.1,67.9,19.1,8.5,38.0,640,51.4,63.0,25.9,8.0,32.5
Pumping station operators,19,–,–,–,–,–,21,–,–,–,–,–,19,–,–,–,–,–,"1,652",37.1,69.5,21.3,3.8,20.4,"1,570",35.0,70.4,19.9,3.9,22.3
Refuse and recyclable material collectors,104,11.3,73.1,21.1,5.1,26.1,112,12.8,79.2,17.1,0.3,33.7,112,10.6,69.6,25.8,1.6,26.7,16,–,–,–,–,–,20,–,–,–,–,–
Other material moving workers,65,17.1,84.3,13.8,0.9,34.2,55,19.3,86.8,10.3,0.4,18.7,55,17.4,67.1,23.8,2.4,23.8,87,12.1,78.9,18.6,0.0,27.7,98,9.7,68.9,27.9,1.3,31.4
,,,,,,,,,,,,,,,,,,,66,17.7,79.1,13.8,0.9,26.3,62,18.2,79.0,18.6,0.0,14.3
,,,,,,,,,,,,,,,,,,,,,,,,,,,,,,
,,,,,,,,,,,,,,,,,,,,,,,,,,,,,,
,,,,,,,,,,,,,,,,,,,,,,,,,,,,,,
,,,,,,,,,,,,,,,,,,,,,,,,,,,,,,
,,,,,,,,,,,,,,,,,,,,,,,,,,,,,,
,,,,,,,,,,,,,,,,,,,,,,,,,,,,,,
,,,,,,,,,,,,,,,,,,,,,,,,,,,,,,
,,,,,,,,,,,,,,,,,,,,,,,,,,,,,,